position_bp,is_alpha_0.0,is_alpha_0.4,is_alpha_0.8,is_alpha_1.2,is_alpha_1.6,is_alpha_2.0
2.124900000000000000e+07,0.000000000000000000e+00,0.000000000000000000e+00,0.000000000000000000e+00,0.000000000000000000e+00,0.000000000000000000e+00,0.000000000000000000e+00
2.125100000000000000e+07,1.211352553218603134e-02,1.208993606269359589e-02,1.202555187046527863e-02,1.178211160004138947e-02,1.140459720045328140e-02,1.111964974552392960e-02
2.125300000000000000e+07,2.252986282110214233e-02,2.246142365038394928e-02,2.234685793519020081e-02,2.189672924578189850e-02,2.115365117788314819e-02,2.059056982398033142e-02
2.125500000000000000e+07,3.213182464241981506e-02,3.206809610128402710e-02,3.198307752609252930e-02,3.144867345690727234e-02,3.046997450292110443e-02,2.967578358948230743e-02
2.125700000000000000e+07,4.123245924711227417e-02,4.120626300573348999e-02,4.123057425022125244e-02,4.073088243603706360e-02,3.963397443294525146e-02,3.867588192224502563e-02
2.125900000000000000e+07,4.958261176943778992e-02,4.961244389414787292e-02,4.978973791003227234e-02,4.939909279346466064e-02,4.826231300830841064e-02,4.720170050859451294e-02
2.126100000000000000e+07,5.762343108654022217e-02,5.771030113101005554e-02,5.807062238454818726e-02,5.787139013409614563e-02,5.681232735514640808e-02,5.573615804314613342e-02
2.126300000000000000e+07,6.607563793659210205e-02,6.623119115829467773e-02,6.681949645280838013e-02,6.693798303604125977e-02,6.614706665277481079e-02,6.518904119729995728e-02
2.126500000000000000e+07,7.430169731378555298e-02,7.452064007520675659e-02,7.533052563667297363e-02,7.577559351921081543e-02,7.525810599327087402e-02,7.437483221292495728e-02
2.126700000000000000e+07,8.159305900335311890e-02,8.186764270067214966e-02,8.286391198635101318e-02,8.355595171451568604e-02,8.317975699901580811e-02,8.222433179616928101e-02
2.126900000000000000e+07,8.817917853593826294e-02,8.849858492612838745e-02,8.965282887220382690e-02,9.052921086549758911e-02,9.017731994390487671e-02,8.899460732936859131e-02
2.127100000000000000e+07,9.428936243057250977e-02,9.464941918849945068e-02,9.594152122735977173e-02,9.696842730045318604e-02,9.658677130937576294e-02,9.509061276912689209e-02
2.127300000000000000e+07,9.994424134492874146e-02,1.003302410244941711e-01,1.017396673560142517e-01,1.028969138860702515e-01,1.024727001786231995e-01,1.006438285112380981e-01
2.127500000000000000e+07,1.052559763193130493e-01,1.056593805551528931e-01,1.071855053305625916e-01,1.084817796945571899e-01,1.080295145511627197e-01,1.058759838342666626e-01
2.127700000000000000e+07,1.101373359560966492e-01,1.105558052659034729e-01,1.122031807899475098e-01,1.136427521705627441e-01,1.131774857640266418e-01,1.107437089085578918e-01
2.127900000000000000e+07,1.145982742309570312e-01,1.150270253419876099e-01,1.167863905429840088e-01,1.183631047606468201e-01,1.179037019610404968e-01,1.152410730719566345e-01
2.128100000000000000e+07,1.188538298010826111e-01,1.192951574921607971e-01,1.211676076054573059e-01,1.228996664285659790e-01,1.224841177463531494e-01,1.196283623576164246e-01
2.128300000000000000e+07,1.230347827076911926e-01,1.234931498765945435e-01,1.254700869321823120e-01,1.273635178804397583e-01,1.270112246274948120e-01,1.239697411656379700e-01
2.128500000000000000e+07,1.269601285457611084e-01,1.274253427982330322e-01,1.294739097356796265e-01,1.314809769392013550e-01,1.311535984277725220e-01,1.279200166463851929e-01
2.128700000000000000e+07,1.306457966566085815e-01,1.311029344797134399e-01,1.331686228513717651e-01,1.351927667856216431e-01,1.348213255405426025e-01,1.313957124948501587e-01
2.128900000000000000e+07,1.341051012277603149e-01,1.345479339361190796e-01,1.365834921598434448e-01,1.385297328233718872e-01,1.380470693111419678e-01,1.344385147094726562e-01
2.129100000000000000e+07,1.372960358858108521e-01,1.377336531877517700e-01,1.397115141153335571e-01,1.415136456489562988e-01,1.408849358558654785e-01,1.371270716190338135e-01
2.129300000000000000e+07,1.401039361953735352e-01,1.405439078807830811e-01,1.424502134323120117e-01,1.440741568803787231e-01,1.432935893535614014e-01,1.394265443086624146e-01
2.129500000000000000e+07,1.427584439516067505e-01,1.432080417871475220e-01,1.450324505567550659e-01,1.464656144380569458e-01,1.455399245023727417e-01,1.415967941284179688e-01
2.129700000000000000e+07,1.453011184930801392e-01,1.457601934671401978e-01,1.474923193454742432e-01,1.487272232770919800e-01,1.476778537034988403e-01,1.437033712863922119e-01
2.129900000000000000e+07,1.476647853851318359e-01,1.481387913227081299e-01,1.497749984264373779e-01,1.508069187402725220e-01,1.496532857418060303e-01,1.457053869962692261e-01
2.130100000000000000e+07,1.499880105257034302e-01,1.504884064197540283e-01,1.520316451787948608e-01,1.528666019439697266e-01,1.516398638486862183e-01,1.477478295564651489e-01
2.130300000000000000e+07,1.522405296564102173e-01,1.527961492538452148e-01,1.542886495590209961e-01,1.549970358610153198e-01,1.537758409976959229e-01,1.499739885330200195e-01
2.130500000000000000e+07,1.544037908315658569e-01,1.550285369157791138e-01,1.565008759498596191e-01,1.571525186300277710e-01,1.560087800025939941e-01,1.523134857416152954e-01
2.130700000000000000e+07,1.566613316535949707e-01,1.573568880558013916e-01,1.588168889284133911e-01,1.594358831644058228e-01,1.583898365497589111e-01,1.547887176275253296e-01
2.130900000000000000e+07,1.587645113468170166e-01,1.595249772071838379e-01,1.609755754470825195e-01,1.615616381168365479e-01,1.605691909790039062e-01,1.569890230894088745e-01
2.131100000000000000e+07,1.605281531810760498e-01,1.613225638866424561e-01,1.627289950847625732e-01,1.632349193096160889e-01,1.622214615345001221e-01,1.585920602083206177e-01
2.131300000000000000e+07,1.620618551969528198e-01,1.628538966178894043e-01,1.641618758440017700e-01,1.645100712776184082e-01,1.633974611759185791e-01,1.596786528825759888e-01
2.131500000000000000e+07,1.634694188833236694e-01,1.642285287380218506e-01,1.653944700956344604e-01,1.655219495296478271e-01,1.642604023218154907e-01,1.604559868574142456e-01
2.131700000000000000e+07,1.649003177881240845e-01,1.656130701303482056e-01,1.666288673877716064e-01,1.665385961532592773e-01,1.651318818330764771e-01,1.612604856491088867e-01
2.131900000000000000e+07,1.663754582405090332e-01,1.670538336038589478e-01,1.679579764604568481e-01,1.677308529615402222e-01,1.662541478872299194e-01,1.623518466949462891e-01
2.132100000000000000e+07,1.678843349218368530e-01,1.685543656349182129e-01,1.694064885377883911e-01,1.691503077745437622e-01,1.677165478467941284e-01,1.638570576906204224e-01
2.132300000000000000e+07,1.692873835563659668e-01,1.699400246143341064e-01,1.707508862018585205e-01,1.704898923635482788e-01,1.691427528858184814e-01,1.654131263494491577e-01
2.132500000000000000e+07,1.705622375011444092e-01,1.711493283510208130e-01,1.718667745590209961e-01,1.715177744626998901e-01,1.702097952365875244e-01,1.666764765977859497e-01
2.132700000000000000e+07,1.719783097505569458e-01,1.724479347467422485e-01,1.730297952890396118e-01,1.725613921880722046e-01,1.712865382432937622e-01,1.679833382368087769e-01
2.132900000000000000e+07,1.735031753778457642e-01,1.738418787717819214e-01,1.743027567863464355e-01,1.737553030252456665e-01,1.725355684757232666e-01,1.694210171699523926e-01
2.133100000000000000e+07,1.748574078083038330e-01,1.750936955213546753e-01,1.754728555679321289e-01,1.748966723680496216e-01,1.737376004457473755e-01,1.707679331302642822e-01
2.133300000000000000e+07,1.757106781005859375e-01,1.758582293987274170e-01,1.761658042669296265e-01,1.755497604608535767e-01,1.744205951690673828e-01,1.715848147869110107e-01
2.133500000000000000e+07,1.762513518333435059e-01,1.763222813606262207e-01,1.765659451484680176e-01,1.759160012006759644e-01,1.748228520154953003e-01,1.721500754356384277e-01
2.133700000000000000e+07,1.767740249633789062e-01,1.768010705709457397e-01,1.770075708627700806e-01,1.763578057289123535e-01,1.753312498331069946e-01,1.728479117155075073e-01
2.133900000000000000e+07,1.774902641773223877e-01,1.775062084197998047e-01,1.776921600103378296e-01,1.770476400852203369e-01,1.761266142129898071e-01,1.738960593938827515e-01
2.134100000000000000e+07,1.782446652650833130e-01,1.781897097826004028e-01,1.783018261194229126e-01,1.776513606309890747e-01,1.768934875726699829e-01,1.750198751688003540e-01
2.134300000000000000e+07,1.785652935504913330e-01,1.784266084432601929e-01,1.784422695636749268e-01,1.778282374143600464e-01,1.773097664117813110e-01,1.758759170770645142e-01
2.134500000000000000e+07,1.785418838262557983e-01,1.784291863441467285e-01,1.784276515245437622e-01,1.779301762580871582e-01,1.777340024709701538e-01,1.768146306276321411e-01
2.134700000000000000e+07,1.790330857038497925e-01,1.790284067392349243e-01,1.790983676910400391e-01,1.788110882043838501e-01,1.789618283510208130e-01,1.785759478807449341e-01
2.134900000000000000e+07,1.799366474151611328e-01,1.800073832273483276e-01,1.801745444536209106e-01,1.801082491874694824e-01,1.805415749549865723e-01,1.806120425462722778e-01
2.135100000000000000e+07,1.805369555950164795e-01,1.806776076555252075e-01,1.809134781360626221e-01,1.809695810079574585e-01,1.815953254699707031e-01,1.820229589939117432e-01
2.135300000000000000e+07,1.806679815053939819e-01,1.808816641569137573e-01,1.811322718858718872e-01,1.812701374292373657e-01,1.821352392435073853e-01,1.829685270786285400e-01
2.135500000000000000e+07,1.813030093908309937e-01,1.816708147525787354e-01,1.819397658109664917e-01,1.821192950010299683e-01,1.832153797149658203e-01,1.845031976699829102e-01
2.135700000000000000e+07,1.824580878019332886e-01,1.829973906278610229e-01,1.833062469959259033e-01,1.835060119628906250e-01,1.847743839025497437e-01,1.864951699972152710e-01
2.135900000000000000e+07,1.834471523761749268e-01,1.841219663619995117e-01,1.844653487205505371e-01,1.846811622381210327e-01,1.860618591308593750e-01,1.881192028522491455e-01
2.136100000000000000e+07,1.840737909078598022e-01,1.848442852497100830e-01,1.851771622896194458e-01,1.853483617305755615e-01,1.867357194423675537e-01,1.890052706003189087e-01
2.136300000000000000e+07,1.842884123325347900e-01,1.851324588060379028e-01,1.854311227798461914e-01,1.855058670043945312e-01,1.868038922548294067e-01,1.892271786928176880e-01
2.136500000000000000e+07,1.842746883630752563e-01,1.852046549320220947e-01,1.854852885007858276e-01,1.854630857706069946e-01,1.866558939218521118e-01,1.892157942056655884e-01
2.136700000000000000e+07,1.844095140695571899e-01,1.854503899812698364e-01,1.857442408800125122e-01,1.856557130813598633e-01,1.867738515138626099e-01,1.894459128379821777e-01
2.136900000000000000e+07,1.844953447580337524e-01,1.856404393911361694e-01,1.859590709209442139e-01,1.858137995004653931e-01,1.868413984775543213e-01,1.895682811737060547e-01
2.137100000000000000e+07,1.844738870859146118e-01,1.857184618711471558e-01,1.860644668340682983e-01,1.858772933483123779e-01,1.868226081132888794e-01,1.895895749330520630e-01
2.137300000000000000e+07,1.845678389072418213e-01,1.859011948108673096e-01,1.862838566303253174e-01,1.860845685005187988e-01,1.869897395372390747e-01,1.897961050271987915e-01
2.137500000000000000e+07,1.845539957284927368e-01,1.859590262174606323e-01,1.863752305507659912e-01,1.861605197191238403e-01,1.870184987783432007e-01,1.898444443941116333e-01
2.137700000000000000e+07,1.842469274997711182e-01,1.857012361288070679e-01,1.861368864774703979e-01,1.858714073896408081e-01,1.866357177495956421e-01,1.894437074661254883e-01
2.137900000000000000e+07,1.837083846330642700e-01,1.851855516433715820e-01,1.856130659580230713e-01,1.852475553750991821e-01,1.858302503824234009e-01,1.885502934455871582e-01
2.138100000000000000e+07,1.829653829336166382e-01,1.844470649957656860e-01,1.848460733890533447e-01,1.843370646238327026e-01,1.846504658460617065e-01,1.872092038393020630e-01
2.138300000000000000e+07,1.821580380201339722e-01,1.836629956960678101e-01,1.840441226959228516e-01,1.833904236555099487e-01,1.834023594856262207e-01,1.857484132051467896e-01
2.138500000000000000e+07,1.815571784973144531e-01,1.831083595752716064e-01,1.835082918405532837e-01,1.827684938907623291e-01,1.825618296861648560e-01,1.847237944602966309e-01
2.138700000000000000e+07,1.811019331216812134e-01,1.827160120010375977e-01,1.831755340099334717e-01,1.824321299791336060e-01,1.821334362030029297e-01,1.841932833194732666e-01
2.138900000000000000e+07,1.805161386728286743e-01,1.821926236152648926e-01,1.827157437801361084e-01,1.819836497306823730e-01,1.816219240427017212e-01,1.835972815752029419e-01
2.139100000000000000e+07,1.797951608896255493e-01,1.815306842327117920e-01,1.821044832468032837e-01,1.813677847385406494e-01,1.809252351522445679e-01,1.828099191188812256e-01
2.139300000000000000e+07,1.789848655462265015e-01,1.807669699192047119e-01,1.813667267560958862e-01,1.805920749902725220e-01,1.800319403409957886e-01,1.818032413721084595e-01
2.139500000000000000e+07,1.781125664710998535e-01,1.799353808164596558e-01,1.805394738912582397e-01,1.796934008598327637e-01,1.789803206920623779e-01,1.806064993143081665e-01
2.139700000000000000e+07,1.772902309894561768e-01,1.791418045759201050e-01,1.797289550304412842e-01,1.787892878055572510e-01,1.779115796089172363e-01,1.793770194053649902e-01
2.139900000000000000e+07,1.764597892761230469e-01,1.783217489719390869e-01,1.788641810417175293e-01,1.777983158826828003e-01,1.767295002937316895e-01,1.780159771442413330e-01
2.140100000000000000e+07,1.754710227251052856e-01,1.773412674665451050e-01,1.778315752744674683e-01,1.766243726015090942e-01,1.753439605236053467e-01,1.764257103204727173e-01
2.140300000000000000e+07,1.744177788496017456e-01,1.762925386428833008e-01,1.767248809337615967e-01,1.753728836774826050e-01,1.738765686750411987e-01,1.747404038906097412e-01
2.140500000000000000e+07,1.734110563993453979e-01,1.752866804599761963e-01,1.756573915481567383e-01,1.741595864295959473e-01,1.724517047405242920e-01,1.730924248695373535e-01
2.140700000000000000e+07,1.723187267780303955e-01,1.741892397403717041e-01,1.744877845048904419e-01,1.728281229734420776e-01,1.708980053663253784e-01,1.713210344314575195e-01
2.140900000000000000e+07,1.711279153823852539e-01,1.729667484760284424e-01,1.731593310832977295e-01,1.712909787893295288e-01,1.690991669893264771e-01,1.693012416362762451e-01
2.141100000000000000e+07,1.697762459516525269e-01,1.715422570705413818e-01,1.715900003910064697e-01,1.694578230381011963e-01,1.669373661279678345e-01,1.668660044670104980e-01
2.141300000000000000e+07,1.684133857488632202e-01,1.701080948114395142e-01,1.700123995542526245e-01,1.676075905561447144e-01,1.647521257400512695e-01,1.643941402435302734e-01
2.141500000000000000e+07,1.674285829067230225e-01,1.690803170204162598e-01,1.688597649335861206e-01,1.662124693393707275e-01,1.631107330322265625e-01,1.625222712755203247e-01
2.141700000000000000e+07,1.665590107440948486e-01,1.681558340787887573e-01,1.678088456392288208e-01,1.649387031793594360e-01,1.616424024105072021e-01,1.608508527278900146e-01
2.141900000000000000e+07,1.656736284494400024e-01,1.671785563230514526e-01,1.666895896196365356e-01,1.635944992303848267e-01,1.601092368364334106e-01,1.591225415468215942e-01
2.142100000000000000e+07,1.647501289844512939e-01,1.661201864480972290e-01,1.654648780822753906e-01,1.621271222829818726e-01,1.584294587373733521e-01,1.572198271751403809e-01
2.142300000000000000e+07,1.635698676109313965e-01,1.647722423076629639e-01,1.639024764299392700e-01,1.602790206670761108e-01,1.563313007354736328e-01,1.548552811145782471e-01
2.142500000000000000e+07,1.618712842464447021e-01,1.628674864768981934e-01,1.617288589477539062e-01,1.577606201171875000e-01,1.534895151853561401e-01,1.516849398612976074e-01
2.142700000000000000e+07,1.596744954586029053e-01,1.603895872831344604e-01,1.589587777853012085e-01,1.546379625797271729e-01,1.500103771686553955e-01,1.478295624256134033e-01
2.142900000000000000e+07,1.583563089370727539e-01,1.587636768817901611e-01,1.570653468370437622e-01,1.524398922920227051e-01,1.474760323762893677e-01,1.448924392461776733e-01
2.143100000000000000e+07,1.582331657409667969e-01,1.583224833011627197e-01,1.563777923583984375e-01,1.515078991651535034e-01,1.462835073471069336e-01,1.433414518833160400e-01
2.143300000000000000e+07,1.584745645523071289e-01,1.582251936197280884e-01,1.560480594635009766e-01,1.509914547204971313e-01,1.455935686826705933e-01,1.423911154270172119e-01
2.143500000000000000e+07,1.587198972702026367e-01,1.581271439790725708e-01,1.557162404060363770e-01,1.504931300878524780e-01,1.449644118547439575e-01,1.415715366601943970e-01
2.143700000000000000e+07,1.588628441095352173e-01,1.579562574625015259e-01,1.553432047367095947e-01,1.499970853328704834e-01,1.443701982498168945e-01,1.408189088106155396e-01
2.143900000000000000e+07,1.589677333831787109e-01,1.577798128128051758e-01,1.550103574991226196e-01,1.496101766824722290e-01,1.439548581838607788e-01,1.402981281280517578e-01
2.144100000000000000e+07,1.590664833784103394e-01,1.576211452484130859e-01,1.547453105449676514e-01,1.493757367134094238e-01,1.437893211841583252e-01,1.400992572307586670e-01
2.144300000000000000e+07,1.591220349073410034e-01,1.574463397264480591e-01,1.544981598854064941e-01,1.492065042257308960e-01,1.437273770570755005e-01,1.400171965360641479e-01
2.144500000000000000e+07,1.590447574853897095e-01,1.571439206600189209e-01,1.541305631399154663e-01,1.489289849996566772e-01,1.435702443122863770e-01,1.398509144783020020e-01
2.144700000000000000e+07,1.588940173387527466e-01,1.567809581756591797e-01,1.537160724401473999e-01,1.486236900091171265e-01,1.434021145105361938e-01,1.396831870079040527e-01
2.144900000000000000e+07,1.587191671133041382e-01,1.564217209815979004e-01,1.533289849758148193e-01,1.483820825815200806e-01,1.433340758085250854e-01,1.396463513374328613e-01
2.145100000000000000e+07,1.584724336862564087e-01,1.560183167457580566e-01,1.529234051704406738e-01,1.481592953205108643e-01,1.433215588331222534e-01,1.396984010934829712e-01
2.145300000000000000e+07,1.580119282007217407e-01,1.554194539785385132e-01,1.523468494415283203e-01,1.477957367897033691e-01,1.431919187307357788e-01,1.396611779928207397e-01
2.145500000000000000e+07,1.574117541313171387e-01,1.547025591135025024e-01,1.516696661710739136e-01,1.473627388477325439e-01,1.430361568927764893e-01,1.396434009075164795e-01
2.145700000000000000e+07,1.568980365991592407e-01,1.540957689285278320e-01,1.511095762252807617e-01,1.470724195241928101e-01,1.430795490741729736e-01,1.398837566375732422e-01
2.145900000000000000e+07,1.565661281347274780e-01,1.536733359098434448e-01,1.507296413183212280e-01,1.469676047563552856e-01,1.433224529027938843e-01,1.403353363275527954e-01
2.146100000000000000e+07,1.562228500843048096e-01,1.532432287931442261e-01,1.503440290689468384e-01,1.468521207571029663e-01,1.435493081808090210e-01,1.407678276300430298e-01
2.146300000000000000e+07,1.557745039463043213e-01,1.527159214019775391e-01,1.498669385910034180e-01,1.466370075941085815e-01,1.436473280191421509e-01,1.410409808158874512e-01
2.146500000000000000e+07,1.553157866001129150e-01,1.521981060504913330e-01,1.494182646274566650e-01,1.464508473873138428e-01,1.437369436025619507e-01,1.412554830312728882e-01
2.146700000000000000e+07,1.549247205257415771e-01,1.517620235681533813e-01,1.490679383277893066e-01,1.463781744241714478e-01,1.439311504364013672e-01,1.415529698133468628e-01
2.146900000000000000e+07,1.546045094728469849e-01,1.514130085706710815e-01,1.488235592842102051e-01,1.464267820119857788e-01,1.442438215017318726e-01,1.419748663902282715e-01
2.147100000000000000e+07,1.541786491870880127e-01,1.509669572114944458e-01,1.484910100698471069e-01,1.463919132947921753e-01,1.444650292396545410e-01,1.423073261976242065e-01
2.147300000000000000e+07,1.536916196346282959e-01,1.504762023687362671e-01,1.481261998414993286e-01,1.463324725627899170e-01,1.446532160043716431e-01,1.426057219505310059e-01
2.147500000000000000e+07,1.533103287220001221e-01,1.501097232103347778e-01,1.478984206914901733e-01,1.464083790779113770e-01,1.449518650770187378e-01,1.429927945137023926e-01
2.147700000000000000e+07,1.530488431453704834e-01,1.498651504516601562e-01,1.477765440940856934e-01,1.465555876493453979e-01,1.453050822019577026e-01,1.434508562088012695e-01
2.147900000000000000e+07,1.527958363294601440e-01,1.496473997831344604e-01,1.476815491914749146e-01,1.466962695121765137e-01,1.456191092729568481e-01,1.438752412796020508e-01
2.148100000000000000e+07,1.524666398763656616e-01,1.493582427501678467e-01,1.475051641464233398e-01,1.467231661081314087e-01,1.457763463258743286e-01,1.441348493099212646e-01
2.148300000000000000e+07,1.520831435918807983e-01,1.490032672882080078e-01,1.472392231225967407e-01,1.466278582811355591e-01,1.457753628492355347e-01,1.442189514636993408e-01
2.148500000000000000e+07,1.517939269542694092e-01,1.487371921539306641e-01,1.470364034175872803e-01,1.465590894222259521e-01,1.457685530185699463e-01,1.442713290452957153e-01
2.148700000000000000e+07,1.515574306249618530e-01,1.485212892293930054e-01,1.468658149242401123e-01,1.465055048465728760e-01,1.457806527614593506e-01,1.443332582712173462e-01
2.148900000000000000e+07,1.513206362724304199e-01,1.482969373464584351e-01,1.466584801673889160e-01,1.463718414306640625e-01,1.457003653049468994e-01,1.442982703447341919e-01
2.149100000000000000e+07,1.509002894163131714e-01,1.478877663612365723e-01,1.462448090314865112e-01,1.459767669439315796e-01,1.453206688165664673e-01,1.439622491598129272e-01
2.149300000000000000e+07,1.503947824239730835e-01,1.473931968212127686e-01,1.457290649414062500e-01,1.454275101423263550e-01,1.447250247001647949e-01,1.433924883604049683e-01
2.149500000000000000e+07,1.498737186193466187e-01,1.468792259693145752e-01,1.451856046915054321e-01,1.448221653699874878e-01,1.440240442752838135e-01,1.426950842142105103e-01
2.149700000000000000e+07,1.493660062551498413e-01,1.463842093944549561e-01,1.446631550788879395e-01,1.442229300737380981e-01,1.432850658893585205e-01,1.419272869825363159e-01
2.149900000000000000e+07,1.489262282848358154e-01,1.459627151489257812e-01,1.442130357027053833e-01,1.436829268932342529e-01,1.425779759883880615e-01,1.411629021167755127e-01
2.150100000000000000e+07,1.485133022069931030e-01,1.455764025449752808e-01,1.437927186489105225e-01,1.431513875722885132e-01,1.418569386005401611e-01,1.403732299804687500e-01
2.150300000000000000e+07,1.480733007192611694e-01,1.451673209667205811e-01,1.433428674936294556e-01,1.425677090883255005e-01,1.410681307315826416e-01,1.395129859447479248e-01
2.150500000000000000e+07,1.475483328104019165e-01,1.446916013956069946e-01,1.428418457508087158e-01,1.419304162263870239e-01,1.402195096015930176e-01,1.385936439037322998e-01
2.150700000000000000e+07,1.471252441406250000e-01,1.443314850330352783e-01,1.424857228994369507e-01,1.414940953254699707e-01,1.396663635969161987e-01,1.380537152290344238e-01
2.150900000000000000e+07,1.469592303037643433e-01,1.442552953958511353e-01,1.424774229526519775e-01,1.415328383445739746e-01,1.397810876369476318e-01,1.383350789546966553e-01
2.151100000000000000e+07,1.468316912651062012e-01,1.442406326532363892e-01,1.425734758377075195e-01,1.417440176010131836e-01,1.401470601558685303e-01,1.389075219631195068e-01
2.151300000000000000e+07,1.467088013887405396e-01,1.442394852638244629e-01,1.426831930875778198e-01,1.419566571712493896e-01,1.404939442873001099e-01,1.394485235214233398e-01
2.151500000000000000e+07,1.466014832258224487e-01,1.442543268203735352e-01,1.428015828132629395e-01,1.421648263931274414e-01,1.408305168151855469e-01,1.399891078472137451e-01
2.151700000000000000e+07,1.465711295604705811e-01,1.443547457456588745e-01,1.430041491985321045e-01,1.424445062875747681e-01,1.412261277437210083e-01,1.405702829360961914e-01
2.151900000000000000e+07,1.465395390987396240e-01,1.444623768329620361e-01,1.432181298732757568e-01,1.427203267812728882e-01,1.415809541940689087e-01,1.410728543996810913e-01
2.152100000000000000e+07,1.463799774646759033e-01,1.444496214389801025e-01,1.433173716068267822e-01,1.428601145744323730e-01,1.417549997568130493e-01,1.413445919752120972e-01
2.152300000000000000e+07,1.462389379739761353e-01,1.444472074508666992e-01,1.434176862239837646e-01,1.429817527532577515e-01,1.418715417385101318e-01,1.415239274501800537e-01
2.152500000000000000e+07,1.462121456861495972e-01,1.445531845092773438e-01,1.436110138893127441e-01,1.431747078895568848e-01,1.420427262783050537e-01,1.417479813098907471e-01
2.152700000000000000e+07,1.463486254215240479e-01,1.448355764150619507e-01,1.439988464117050171e-01,1.436090320348739624e-01,1.425308287143707275e-01,1.423513889312744141e-01
2.152900000000000000e+07,1.466648131608963013e-01,1.453437805175781250e-01,1.446831524372100830e-01,1.444516927003860474e-01,1.435774415731430054e-01,1.436217725276947021e-01
2.153100000000000000e+07,1.471215933561325073e-01,1.459870487451553345e-01,1.455090194940567017e-01,1.454576104879379272e-01,1.448120921850204468e-01,1.451021283864974976e-01
2.153300000000000000e+07,1.477192491292953491e-01,1.467447727918624878e-01,1.464259475469589233e-01,1.465314626693725586e-01,1.460808515548706055e-01,1.465885639190673828e-01
2.153500000000000000e+07,1.485060751438140869e-01,1.476664096117019653e-01,1.474793851375579834e-01,1.477218419313430786e-01,1.474362313747406006e-01,1.480959355831146240e-01
2.153700000000000000e+07,1.492045819759368896e-01,1.484783589839935303e-01,1.483995616436004639e-01,1.487498134374618530e-01,1.485903710126876831e-01,1.493627130985260010e-01
2.153900000000000000e+07,1.495380401611328125e-01,1.489023268222808838e-01,1.488894373178482056e-01,1.492807120084762573e-01,1.492003053426742554e-01,1.501004695892333984e-01
2.154100000000000000e+07,1.498386561870574951e-01,1.493034809827804565e-01,1.493625938892364502e-01,1.497944295406341553e-01,1.497867852449417114e-01,1.508129090070724487e-01
2.154300000000000000e+07,1.503572762012481689e-01,1.499216407537460327e-01,1.500556915998458862e-01,1.505494117736816406e-01,1.506262421607971191e-01,1.517353802919387817e-01
2.154500000000000000e+07,1.510018259286880493e-01,1.506584137678146362e-01,1.508660614490509033e-01,1.514350473880767822e-01,1.516120582818984985e-01,1.527936607599258423e-01
2.154700000000000000e+07,1.517471820116043091e-01,1.514919847249984741e-01,1.517649292945861816e-01,1.523969322443008423e-01,1.526484936475753784e-01,1.538674980401992798e-01
2.154900000000000000e+07,1.525339782238006592e-01,1.523606032133102417e-01,1.526822745800018311e-01,1.533458530902862549e-01,1.536230891942977905e-01,1.548330783843994141e-01
2.155100000000000000e+07,1.532754153013229370e-01,1.531708687543869019e-01,1.535195559263229370e-01,1.541866213083267212e-01,1.544692665338516235e-01,1.556734144687652588e-01
2.155300000000000000e+07,1.540458053350448608e-01,1.540103703737258911e-01,1.543798148632049561e-01,1.550517231225967407e-01,1.553494036197662354e-01,1.565366387367248535e-01
2.155500000000000000e+07,1.548394411802291870e-01,1.548582017421722412e-01,1.552385538816452026e-01,1.559236943721771240e-01,1.562476158142089844e-01,1.574102342128753662e-01
2.155700000000000000e+07,1.555345952510833740e-01,1.555897742509841919e-01,1.559685021638870239e-01,1.566701829433441162e-01,1.570468991994857788e-01,1.582248210906982422e-01
2.155900000000000000e+07,1.562464237213134766e-01,1.563300788402557373e-01,1.566934436559677124e-01,1.573983430862426758e-01,1.578248739242553711e-01,1.590425968170166016e-01
2.156100000000000000e+07,1.570075899362564087e-01,1.570949703454971313e-01,1.574013531208038330e-01,1.580576300621032715e-01,1.585025787353515625e-01,1.597674936056137085e-01
2.156300000000000000e+07,1.576887965202331543e-01,1.577808260917663574e-01,1.580227762460708618e-01,1.586087197065353394e-01,1.590411067008972168e-01,1.603297889232635498e-01
2.156500000000000000e+07,1.582756489515304565e-01,1.583645492792129517e-01,1.585332006216049194e-01,1.590339690446853638e-01,1.594400405883789062e-01,1.607431620359420776e-01
2.156700000000000000e+07,1.587675362825393677e-01,1.588363498449325562e-01,1.589167565107345581e-01,1.593201011419296265e-01,1.596837341785430908e-01,1.609869897365570068e-01
2.156900000000000000e+07,1.593053042888641357e-01,1.593433916568756104e-01,1.593270599842071533e-01,1.596443355083465576e-01,1.600148826837539673e-01,1.613560765981674194e-01
2.157100000000000000e+07,1.600579470396041870e-01,1.600985825061798096e-01,1.600383520126342773e-01,1.603590250015258789e-01,1.608641594648361206e-01,1.623069643974304199e-01
2.157300000000000000e+07,1.608433574438095093e-01,1.609009504318237305e-01,1.608278453350067139e-01,1.611994802951812744e-01,1.618924438953399658e-01,1.634483337402343750e-01
2.157500000000000000e+07,1.614052504301071167e-01,1.614932417869567871e-01,1.614199876785278320e-01,1.618199497461318970e-01,1.626290529966354370e-01,1.642332822084426880e-01
2.157700000000000000e+07,1.617429852485656738e-01,1.618492901325225830e-01,1.617502272129058838e-01,1.621129065752029419e-01,1.629292666912078857e-01,1.644959598779678345e-01
2.157900000000000000e+07,1.619435846805572510e-01,1.620636582374572754e-01,1.619366556406021118e-01,1.622434407472610474e-01,1.630135327577590942e-01,1.644816398620605469e-01
2.158100000000000000e+07,1.623584479093551636e-01,1.624880284070968628e-01,1.623349785804748535e-01,1.626083999872207642e-01,1.633801907300949097e-01,1.647747159004211426e-01
2.158300000000000000e+07,1.630707532167434692e-01,1.632103472948074341e-01,1.630314886569976807e-01,1.632909625768661499e-01,1.641230136156082153e-01,1.654845327138900757e-01
2.158500000000000000e+07,1.637492328882217407e-01,1.638897359371185303e-01,1.636723577976226807e-01,1.638909280300140381e-01,1.647515296936035156e-01,1.660621017217636108e-01
2.158700000000000000e+07,1.642614006996154785e-01,1.644006818532943726e-01,1.641449779272079468e-01,1.643037050962448120e-01,1.651365906000137329e-01,1.663348823785781860e-01
2.158900000000000000e+07,1.647416651248931885e-01,1.648758947849273682e-01,1.645769625902175903e-01,1.646631807088851929e-01,1.654341518878936768e-01,1.664775907993316650e-01
2.159100000000000000e+07,1.652555912733078003e-01,1.653667390346527100e-01,1.649978011846542358e-01,1.649869531393051147e-01,1.656823456287384033e-01,1.665650159120559692e-01
2.159300000000000000e+07,1.657136529684066772e-01,1.657997220754623413e-01,1.653446555137634277e-01,1.652128696441650391e-01,1.658167690038681030e-01,1.665633320808410645e-01
2.159500000000000000e+07,1.660447567701339722e-01,1.661155968904495239e-01,1.655879914760589600e-01,1.653444170951843262e-01,1.658611744642257690e-01,1.664913892745971680e-01
2.159700000000000000e+07,1.663523614406585693e-01,1.664048433303833008e-01,1.658051908016204834e-01,1.654560714960098267e-01,1.658912897109985352e-01,1.664066910743713379e-01
2.159900000000000000e+07,1.666656583547592163e-01,1.667083501815795898e-01,1.660390794277191162e-01,1.655803024768829346e-01,1.659236699342727661e-01,1.663199514150619507e-01
2.160100000000000000e+07,1.669270396232604980e-01,1.669625192880630493e-01,1.662216335535049438e-01,1.656480580568313599e-01,1.658845543861389160e-01,1.661543697118759155e-01
2.160300000000000000e+07,1.671119928359985352e-01,1.671313494443893433e-01,1.663154363632202148e-01,1.656228899955749512e-01,1.657333821058273315e-01,1.658565551042556763e-01
2.160500000000000000e+07,1.673794537782669067e-01,1.673621237277984619e-01,1.664640158414840698e-01,1.656663715839385986e-01,1.656565517187118530e-01,1.656209379434585571e-01
2.160700000000000000e+07,1.676694154739379883e-01,1.676211655139923096e-01,1.666663885116577148e-01,1.658148765563964844e-01,1.657451242208480835e-01,1.655804514884948730e-01
2.160900000000000000e+07,1.678667664527893066e-01,1.677960753440856934e-01,1.668053865432739258e-01,1.659327745437622070e-01,1.658367067575454712e-01,1.655444055795669556e-01
2.161100000000000000e+07,1.679534465074539185e-01,1.678612381219863892e-01,1.668472141027450562e-01,1.659656018018722534e-01,1.658552885055541992e-01,1.654550433158874512e-01
2.161300000000000000e+07,1.680062860250473022e-01,1.678993999958038330e-01,1.668748408555984497e-01,1.659797877073287964e-01,1.658515632152557373e-01,1.653649359941482544e-01
2.161500000000000000e+07,1.680038869380950928e-01,1.679046899080276489e-01,1.669055074453353882e-01,1.660048365592956543e-01,1.658344119787216187e-01,1.652545630931854248e-01
2.161700000000000000e+07,1.680229753255844116e-01,1.679589748382568359e-01,1.670402586460113525e-01,1.661897599697113037e-01,1.660082340240478516e-01,1.653294116258621216e-01
2.161900000000000000e+07,1.681811362504959106e-01,1.682004779577255249e-01,1.674470901489257812e-01,1.667592525482177734e-01,1.666462272405624390e-01,1.658407896757125854e-01
2.162100000000000000e+07,1.684860140085220337e-01,1.686245352029800415e-01,1.680977046489715576e-01,1.676517128944396973e-01,1.676511913537979126e-01,1.666995584964752197e-01
2.162300000000000000e+07,1.684940606355667114e-01,1.687009781599044800e-01,1.683304756879806519e-01,1.680321097373962402e-01,1.680690497159957886e-01,1.669974923133850098e-01
2.162500000000000000e+07,1.680620908737182617e-01,1.682233363389968872e-01,1.678339242935180664e-01,1.674534529447555542e-01,1.673640757799148560e-01,1.662085503339767456e-01
2.162700000000000000e+07,1.675076484680175781e-01,1.676002889871597290e-01,1.671875566244125366e-01,1.667068004608154297e-01,1.664311289787292480e-01,1.651451140642166138e-01
2.162900000000000000e+07,1.669933348894119263e-01,1.670517176389694214e-01,1.666846871376037598e-01,1.661857366561889648e-01,1.657346338033676147e-01,1.642689555883407593e-01
2.163100000000000000e+07,1.665281057357788086e-01,1.665821522474288940e-01,1.663029789924621582e-01,1.658449769020080566e-01,1.652814298868179321e-01,1.636722981929779053e-01
2.163300000000000000e+07,1.661022454500198364e-01,1.661626547574996948e-01,1.659728288650512695e-01,1.655657440423965454e-01,1.649297028779983521e-01,1.632498800754547119e-01
2.163500000000000000e+07,1.656457185745239258e-01,1.657459735870361328e-01,1.656661927700042725e-01,1.653173416852951050e-01,1.646252870559692383e-01,1.629041731357574463e-01
2.163700000000000000e+07,1.651795506477355957e-01,1.653261482715606689e-01,1.653645783662796021e-01,1.650784760713577271e-01,1.643396914005279541e-01,1.625952124595642090e-01
2.163900000000000000e+07,1.648391187191009521e-01,1.650249809026718140e-01,1.651671081781387329e-01,1.649444103240966797e-01,1.641836762428283691e-01,1.624301820993423462e-01
2.164100000000000000e+07,1.645203381776809692e-01,1.647360622882843018e-01,1.649751514196395874e-01,1.648218631744384766e-01,1.640456020832061768e-01,1.622814089059829712e-01
2.164300000000000000e+07,1.641446053981781006e-01,1.643800884485244751e-01,1.647163480520248413e-01,1.646537929773330688e-01,1.639016121625900269e-01,1.621481925249099731e-01
2.164500000000000000e+07,1.637636870145797729e-01,1.640088409185409546e-01,1.644395589828491211e-01,1.644793301820755005e-01,1.637507677078247070e-01,1.619760692119598389e-01
2.164700000000000000e+07,1.634501665830612183e-01,1.636945903301239014e-01,1.642076671123504639e-01,1.643526107072830200e-01,1.636442393064498901e-01,1.618112176656723022e-01
2.164900000000000000e+07,1.631863266229629517e-01,1.634215712547302246e-01,1.639927029609680176e-01,1.642258614301681519e-01,1.635250747203826904e-01,1.616236269474029541e-01
2.165100000000000000e+07,1.629599779844284058e-01,1.631681323051452637e-01,1.637674123048782349e-01,1.640613526105880737e-01,1.633554995059967041e-01,1.614317595958709717e-01
2.165300000000000000e+07,1.627216637134552002e-01,1.629013866186141968e-01,1.635200530290603638e-01,1.638546437025070190e-01,1.631221920251846313e-01,1.611795425415039062e-01
2.165500000000000000e+07,1.624337583780288696e-01,1.625964045524597168e-01,1.632379442453384399e-01,1.636139452457427979e-01,1.628619581460952759e-01,1.608909964561462402e-01
2.165700000000000000e+07,1.619543433189392090e-01,1.621281802654266357e-01,1.628273129463195801e-01,1.632720977067947388e-01,1.625143289566040039e-01,1.604909300804138184e-01
2.165900000000000000e+07,1.613880544900894165e-01,1.615844815969467163e-01,1.623584181070327759e-01,1.628992855548858643e-01,1.621741801500320435e-01,1.601149141788482666e-01
2.166100000000000000e+07,1.608220785856246948e-01,1.610434055328369141e-01,1.618915796279907227e-01,1.625357419252395630e-01,1.618836969137191772e-01,1.598622798919677734e-01
2.166300000000000000e+07,1.603851020336151123e-01,1.606305688619613647e-01,1.615502536296844482e-01,1.623034030199050903e-01,1.617541909217834473e-01,1.598311364650726318e-01
2.166500000000000000e+07,1.599385291337966919e-01,1.602154523134231567e-01,1.612132191658020020e-01,1.620817482471466064e-01,1.616677939891815186e-01,1.599020361900329590e-01
2.166700000000000000e+07,1.593692004680633545e-01,1.596550792455673218e-01,1.607131808996200562e-01,1.616782993078231812e-01,1.613898575305938721e-01,1.598366796970367432e-01
2.166900000000000000e+07,1.586692333221435547e-01,1.589272022247314453e-01,1.600071638822555542e-01,1.610131710767745972e-01,1.607654839754104614e-01,1.593597978353500366e-01
2.167100000000000000e+07,1.579454392194747925e-01,1.581473797559738159e-01,1.592144668102264404e-01,1.602064222097396851e-01,1.599308401346206665e-01,1.586295813322067261e-01
2.167300000000000000e+07,1.573590487241744995e-01,1.575003564357757568e-01,1.585519909858703613e-01,1.595531404018402100e-01,1.592982262372970581e-01,1.581101864576339722e-01
2.167500000000000000e+07,1.569541096687316895e-01,1.570420414209365845e-01,1.580917090177536011e-01,1.591536700725555420e-01,1.590262502431869507e-01,1.580197513103485107e-01
2.167700000000000000e+07,1.565511524677276611e-01,1.565987020730972290e-01,1.576724052429199219e-01,1.588253229856491089e-01,1.588416248559951782e-01,1.580023467540740967e-01
2.167900000000000000e+07,1.559488773345947266e-01,1.559730619192123413e-01,1.570909470319747925e-01,1.583178192377090454e-01,1.584111154079437256e-01,1.577021181583404541e-01
2.168100000000000000e+07,1.552282720804214478e-01,1.552317142486572266e-01,1.563944816589355469e-01,1.576839089393615723e-01,1.578113436698913574e-01,1.572114527225494385e-01
2.168300000000000000e+07,1.545663774013519287e-01,1.545501798391342163e-01,1.557550877332687378e-01,1.571023464202880859e-01,1.572522073984146118e-01,1.567159742116928101e-01
2.168500000000000000e+07,1.540354788303375244e-01,1.539882719516754150e-01,1.552133262157440186e-01,1.566069126129150391e-01,1.567981988191604614e-01,1.563353389501571655e-01
2.168700000000000000e+07,1.536033451557159424e-01,1.535214632749557495e-01,1.547501087188720703e-01,1.561754047870635986e-01,1.564162671566009521e-01,1.560523808002471924e-01
2.168900000000000000e+07,1.532372832298278809e-01,1.531169861555099487e-01,1.543285548686981201e-01,1.557667702436447144e-01,1.560565978288650513e-01,1.558200716972351074e-01
2.169100000000000000e+07,1.529569923877716064e-01,1.527911275625228882e-01,1.539670079946517944e-01,1.554173827171325684e-01,1.557998508214950562e-01,1.557310372591018677e-01
2.169300000000000000e+07,1.527561843395233154e-01,1.525536775588989258e-01,1.536968350410461426e-01,1.551639288663864136e-01,1.556797623634338379e-01,1.558420509099960327e-01
2.169500000000000000e+07,1.525125801563262939e-01,1.522789895534515381e-01,1.533896327018737793e-01,1.548657268285751343e-01,1.555392444133758545e-01,1.560215651988983154e-01
2.169700000000000000e+07,1.521124392747879028e-01,1.518404185771942139e-01,1.529052853584289551e-01,1.543743163347244263e-01,1.552125513553619385e-01,1.560647934675216675e-01
2.169900000000000000e+07,1.516308784484863281e-01,1.513414382934570312e-01,1.523783355951309204e-01,1.538457572460174561e-01,1.548122912645339966e-01,1.560030728578567505e-01
2.170100000000000000e+07,1.511120349168777466e-01,1.508081108331680298e-01,1.518087685108184814e-01,1.532681733369827271e-01,1.543490290641784668e-01,1.558618545532226562e-01
2.170300000000000000e+07,1.505248695611953735e-01,1.502052247524261475e-01,1.511642634868621826e-01,1.526222527027130127e-01,1.538264602422714233e-01,1.556741446256637573e-01
2.170500000000000000e+07,1.499260663986206055e-01,1.495916545391082764e-01,1.505187004804611206e-01,1.519686281681060791e-01,1.532751619815826416e-01,1.554415076971054077e-01
2.170700000000000000e+07,1.494081914424896240e-01,1.490488499402999878e-01,1.499496847391128540e-01,1.514042615890502930e-01,1.528082042932510376e-01,1.552876085042953491e-01
2.170900000000000000e+07,1.489622145891189575e-01,1.485731303691864014e-01,1.494534015655517578e-01,1.509378254413604736e-01,1.524500101804733276e-01,1.552290618419647217e-01
2.171100000000000000e+07,1.485217362642288208e-01,1.480976939201354980e-01,1.489681303501129150e-01,1.505168080329895020e-01,1.521584689617156982e-01,1.552901566028594971e-01
2.171300000000000000e+07,1.481551378965377808e-01,1.476830095052719116e-01,1.485481113195419312e-01,1.501710265874862671e-01,1.519225984811782837e-01,1.554214060306549072e-01
2.171500000000000000e+07,1.478739380836486816e-01,1.473485678434371948e-01,1.482148766517639160e-01,1.499215066432952881e-01,1.517537981271743774e-01,1.555889993906021118e-01
2.171700000000000000e+07,1.475775688886642456e-01,1.470010578632354736e-01,1.478767096996307373e-01,1.496421247720718384e-01,1.514790505170822144e-01,1.556098908185958862e-01
2.171900000000000000e+07,1.473224908113479614e-01,1.466897279024124146e-01,1.475744694471359253e-01,1.493702679872512817e-01,1.511534303426742554e-01,1.554766446352005005e-01
2.172100000000000000e+07,1.470714509487152100e-01,1.463925689458847046e-01,1.473024934530258179e-01,1.491314172744750977e-01,1.508351564407348633e-01,1.552544236183166504e-01
2.172300000000000000e+07,1.468795984983444214e-01,1.461848914623260498e-01,1.471652388572692871e-01,1.490950137376785278e-01,1.507813036441802979e-01,1.552771627902984619e-01
2.172500000000000000e+07,1.469274908304214478e-01,1.462322026491165161e-01,1.473140865564346313e-01,1.494279205799102783e-01,1.512611955404281616e-01,1.558740735054016113e-01
2.172700000000000000e+07,1.470149159431457520e-01,1.463217288255691528e-01,1.475079953670501709e-01,1.498167961835861206e-01,1.518379449844360352e-01,1.565947234630584717e-01
2.172900000000000000e+07,1.469427198171615601e-01,1.462590545415878296e-01,1.475459039211273193e-01,1.500105261802673340e-01,1.521725505590438843e-01,1.570379734039306641e-01
2.173100000000000000e+07,1.467540413141250610e-01,1.460755765438079834e-01,1.474550217390060425e-01,1.500393599271774292e-01,1.522921174764633179e-01,1.572356075048446655e-01
2.173300000000000000e+07,1.464920490980148315e-01,1.458297669887542725e-01,1.473060101270675659e-01,1.500061452388763428e-01,1.523329317569732666e-01,1.573073267936706543e-01
2.173500000000000000e+07,1.461726427078247070e-01,1.455297619104385376e-01,1.471070945262908936e-01,1.499342024326324463e-01,1.523345708847045898e-01,1.572704613208770752e-01
2.173700000000000000e+07,1.458581686019897461e-01,1.452307254076004028e-01,1.468950659036636353e-01,1.498288214206695557e-01,1.522741615772247314e-01,1.571140289306640625e-01
2.173900000000000000e+07,1.454495191574096680e-01,1.448380798101425171e-01,1.465740799903869629e-01,1.496067643165588379e-01,1.521069556474685669e-01,1.568167656660079956e-01
2.174100000000000000e+07,1.449945122003555298e-01,1.443886756896972656e-01,1.461829841136932373e-01,1.493054181337356567e-01,1.518527120351791382e-01,1.564123481512069702e-01
2.174300000000000000e+07,1.446086466312408447e-01,1.439611017704010010e-01,1.457571834325790405e-01,1.489369422197341919e-01,1.515278071165084839e-01,1.559289693832397461e-01
2.174500000000000000e+07,1.443440616130828857e-01,1.436298042535781860e-01,1.453776508569717407e-01,1.485764682292938232e-01,1.512103974819183350e-01,1.554428339004516602e-01
2.174700000000000000e+07,1.441669017076492310e-01,1.433528214693069458e-01,1.449989825487136841e-01,1.481733173131942749e-01,1.508268415927886963e-01,1.548881083726882935e-01
2.174900000000000000e+07,1.440217047929763794e-01,1.430663764476776123e-01,1.445492208003997803e-01,1.476516276597976685e-01,1.502971500158309937e-01,1.542068421840667725e-01
2.175100000000000000e+07,1.438510268926620483e-01,1.427478045225143433e-01,1.440340876579284668e-01,1.470198780298233032e-01,1.496028453111648560e-01,1.533526927232742310e-01
2.175300000000000000e+07,1.437873989343643188e-01,1.425160467624664307e-01,1.435800641775131226e-01,1.464412808418273926e-01,1.489585936069488525e-01,1.525876671075820923e-01
2.175500000000000000e+07,1.438572704792022705e-01,1.423963755369186401e-01,1.432088017463684082e-01,1.459215283393859863e-01,1.483324319124221802e-01,1.518273204565048218e-01
2.175700000000000000e+07,1.439899951219558716e-01,1.423369944095611572e-01,1.428806036710739136e-01,1.454084515571594238e-01,1.476575881242752075e-01,1.509776413440704346e-01
2.175900000000000000e+07,1.440399587154388428e-01,1.422018110752105713e-01,1.424756348133087158e-01,1.448087841272354126e-01,1.468810141086578369e-01,1.500086039304733276e-01
2.176100000000000000e+07,1.439389288425445557e-01,1.419615745544433594e-01,1.420139521360397339e-01,1.441483199596405029e-01,1.459506750106811523e-01,1.487845033407211304e-01
2.176300000000000000e+07,1.436583697795867920e-01,1.415642499923706055e-01,1.414234936237335205e-01,1.433408707380294800e-01,1.448010951280593872e-01,1.473078578710556030e-01
2.176500000000000000e+07,1.432358622550964355e-01,1.410855501890182495e-01,1.408314108848571777e-01,1.425694078207015991e-01,1.436838507652282715e-01,1.458270102739334106e-01
2.176700000000000000e+07,1.430428177118301392e-01,1.409122496843338013e-01,1.406551152467727661e-01,1.423368304967880249e-01,1.432577222585678101e-01,1.451511681079864502e-01
2.176900000000000000e+07,1.434029638767242432e-01,1.413626372814178467e-01,1.412185877561569214e-01,1.430379450321197510e-01,1.440792083740234375e-01,1.459386050701141357e-01
2.177100000000000000e+07,1.439699679613113403e-01,1.420497298240661621e-01,1.420482397079467773e-01,1.440456062555313110e-01,1.453060805797576904e-01,1.472191512584686279e-01
2.177300000000000000e+07,1.445215046405792236e-01,1.427343934774398804e-01,1.428682357072830200e-01,1.450068652629852295e-01,1.464501321315765381e-01,1.483766436576843262e-01
2.177500000000000000e+07,1.451281458139419556e-01,1.434673070907592773e-01,1.437251418828964233e-01,1.459622681140899658e-01,1.475193351507186890e-01,1.493767052888870239e-01
2.177700000000000000e+07,1.457797735929489136e-01,1.442417502403259277e-01,1.446310281753540039e-01,1.469466537237167358e-01,1.485731452703475952e-01,1.503286063671112061e-01
2.177900000000000000e+07,1.464418619871139526e-01,1.450325846672058105e-01,1.455614417791366577e-01,1.479253768920898438e-01,1.495677232742309570e-01,1.512067168951034546e-01
2.178100000000000000e+07,1.471737772226333618e-01,1.458775699138641357e-01,1.465367823839187622e-01,1.489467173814773560e-01,1.505843698978424072e-01,1.520891040563583374e-01
2.178300000000000000e+07,1.478970050811767578e-01,1.467048674821853638e-01,1.474993377923965454e-01,1.499777287244796753e-01,1.516187489032745361e-01,1.529939770698547363e-01
2.178500000000000000e+07,1.485896259546279907e-01,1.474951952695846558e-01,1.484165042638778687e-01,1.509577482938766479e-01,1.525865644216537476e-01,1.538464725017547607e-01
2.178700000000000000e+07,1.492916345596313477e-01,1.482691615819931030e-01,1.492811888456344604e-01,1.518508046865463257e-01,1.534354686737060547e-01,1.545908451080322266e-01
2.178900000000000000e+07,1.501351892948150635e-01,1.491512954235076904e-01,1.502123624086380005e-01,1.527822017669677734e-01,1.543022394180297852e-01,1.553782969713211060e-01
2.179100000000000000e+07,1.510070562362670898e-01,1.500324010848999023e-01,1.511091589927673340e-01,1.536628305912017822e-01,1.551001071929931641e-01,1.560742408037185669e-01
2.179300000000000000e+07,1.518363207578659058e-01,1.508548110723495483e-01,1.519245505332946777e-01,1.544451713562011719e-01,1.558130085468292236e-01,1.567132920026779175e-01
2.179500000000000000e+07,1.526976525783538818e-01,1.517197638750076294e-01,1.527961045503616333e-01,1.552888602018356323e-01,1.565965712070465088e-01,1.574222445487976074e-01
2.179700000000000000e+07,1.536806821823120117e-01,1.527237892150878906e-01,1.538257151842117310e-01,1.562986224889755249e-01,1.575302928686141968e-01,1.582393795251846313e-01
2.179900000000000000e+07,1.546423137187957764e-01,1.537028253078460693e-01,1.548312157392501831e-01,1.572974473237991333e-01,1.584596037864685059e-01,1.590849310159683228e-01
2.180100000000000000e+07,1.554459929466247559e-01,1.545243412256240845e-01,1.556707918643951416e-01,1.581221818923950195e-01,1.592098176479339600e-01,1.597780287265777588e-01
2.180300000000000000e+07,1.562086641788482666e-01,1.552927792072296143e-01,1.564356684684753418e-01,1.588569432497024536e-01,1.598677188158035278e-01,1.603927612304687500e-01
2.180500000000000000e+07,1.569978892803192139e-01,1.560725420713424683e-01,1.571940034627914429e-01,1.595754921436309814e-01,1.605189442634582520e-01,1.609963923692703247e-01
2.180700000000000000e+07,1.577841937541961670e-01,1.568607389926910400e-01,1.579699218273162842e-01,1.603134572505950928e-01,1.611860990524291992e-01,1.616059690713882446e-01
2.180900000000000000e+07,1.586629748344421387e-01,1.577348560094833374e-01,1.588194966316223145e-01,1.611215472221374512e-01,1.619327813386917114e-01,1.622780561447143555e-01
2.181100000000000000e+07,1.595755517482757568e-01,1.586294174194335938e-01,1.596640646457672119e-01,1.618987470865249634e-01,1.626435071229934692e-01,1.629291176795959473e-01
2.181300000000000000e+07,1.604652404785156250e-01,1.594968438148498535e-01,1.604761630296707153e-01,1.626362651586532593e-01,1.633099615573883057e-01,1.635463833808898926e-01
2.181500000000000000e+07,1.613507717847824097e-01,1.603609472513198853e-01,1.612835824489593506e-01,1.633628755807876587e-01,1.639655232429504395e-01,1.641286313533782959e-01
2.181700000000000000e+07,1.622227281332015991e-01,1.611969619989395142e-01,1.620490103960037231e-01,1.640326976776123047e-01,1.645628809928894043e-01,1.646335422992706299e-01
2.181900000000000000e+07,1.630468070507049561e-01,1.619819104671478271e-01,1.627521961927413940e-01,1.646300554275512695e-01,1.651027053594589233e-01,1.650776565074920654e-01
2.182100000000000000e+07,1.638551503419876099e-01,1.627670675516128540e-01,1.634703576564788818e-01,1.652483642101287842e-01,1.656664907932281494e-01,1.655374318361282349e-01
2.182300000000000000e+07,1.646788120269775391e-01,1.635678559541702271e-01,1.641943901777267456e-01,1.658575236797332764e-01,1.662310063838958740e-01,1.660356521606445312e-01
2.182500000000000000e+07,1.653519421815872192e-01,1.642180234193801880e-01,1.647639721632003784e-01,1.662997603416442871e-01,1.666192859411239624e-01,1.663695871829986572e-01
2.182700000000000000e+07,1.658645421266555786e-01,1.647326201200485229e-01,1.652158647775650024e-01,1.666219681501388550e-01,1.668918728828430176e-01,1.665977388620376587e-01
2.182900000000000000e+07,1.663587540388107300e-01,1.652450114488601685e-01,1.656789332628250122e-01,1.669680327177047729e-01,1.671974360942840576e-01,1.668344438076019287e-01
2.183100000000000000e+07,1.668314039707183838e-01,1.657265275716781616e-01,1.661090850830078125e-01,1.672935187816619873e-01,1.674909442663192749e-01,1.670256555080413818e-01
2.183300000000000000e+07,1.671945601701736450e-01,1.660855114459991455e-01,1.664194911718368530e-01,1.675178408622741699e-01,1.676872819662094116e-01,1.670960634946823120e-01
2.183500000000000000e+07,1.674315631389617920e-01,1.662883013486862183e-01,1.665519028902053833e-01,1.675624698400497437e-01,1.677027642726898193e-01,1.669675558805465698e-01
2.183700000000000000e+07,1.677440106868743896e-01,1.665417402982711792e-01,1.667115688323974609e-01,1.676295846700668335e-01,1.677397936582565308e-01,1.668269485235214233e-01
2.183900000000000000e+07,1.682404577732086182e-01,1.669430285692214966e-01,1.669810712337493896e-01,1.677991151809692383e-01,1.679027974605560303e-01,1.667908579111099243e-01
2.184100000000000000e+07,1.687978208065032959e-01,1.673785299062728882e-01,1.672506928443908691e-01,1.679525077342987061e-01,1.680689603090286255e-01,1.667920649051666260e-01
2.184300000000000000e+07,1.694087535142898560e-01,1.678504943847656250e-01,1.675344407558441162e-01,1.681037098169326782e-01,1.682357639074325562e-01,1.668398678302764893e-01
2.184500000000000000e+07,1.700422763824462891e-01,1.683391332626342773e-01,1.678243875503540039e-01,1.682655066251754761e-01,1.684438884258270264e-01,1.669989824295043945e-01
2.184700000000000000e+07,1.706787496805191040e-01,1.688465923070907593e-01,1.681462079286575317e-01,1.684840768575668335e-01,1.687322407960891724e-01,1.672619432210922241e-01
2.184900000000000000e+07,1.712042838335037231e-01,1.692708134651184082e-01,1.683965474367141724e-01,1.686362028121948242e-01,1.689588725566864014e-01,1.674794256687164307e-01
2.185100000000000000e+07,1.715700328350067139e-01,1.695450991392135620e-01,1.684814542531967163e-01,1.685771644115447998e-01,1.689327210187911987e-01,1.674573421478271484e-01
2.185300000000000000e+07,1.717309206724166870e-01,1.696333587169647217e-01,1.683751642704010010e-01,1.682880371809005737e-01,1.686422824859619141e-01,1.671672463417053223e-01
2.185500000000000000e+07,1.717994213104248047e-01,1.696241945028305054e-01,1.681452244520187378e-01,1.678349673748016357e-01,1.681670248508453369e-01,1.666916012763977051e-01
2.185700000000000000e+07,1.718802005052566528e-01,1.696319282054901123e-01,1.679227650165557861e-01,1.673637032508850098e-01,1.676536202430725098e-01,1.661666780710220337e-01
2.185900000000000000e+07,1.720353364944458008e-01,1.697152256965637207e-01,1.677708029747009277e-01,1.669667065143585205e-01,1.672073602676391602e-01,1.656605750322341919e-01
2.186100000000000000e+07,1.721263378858566284e-01,1.697496771812438965e-01,1.675836890935897827e-01,1.665467023849487305e-01,1.667201220989227295e-01,1.650643199682235718e-01
2.186300000000000000e+07,1.720163077116012573e-01,1.695795357227325439e-01,1.671768873929977417e-01,1.658709943294525146e-01,1.659359931945800781e-01,1.641544699668884277e-01
2.186500000000000000e+07,1.717075258493423462e-01,1.692018657922744751e-01,1.665275394916534424e-01,1.648884266614913940e-01,1.648218780755996704e-01,1.629528850317001343e-01
2.186700000000000000e+07,1.713804304599761963e-01,1.687929928302764893e-01,1.658012568950653076e-01,1.637453883886337280e-01,1.634821444749832153e-01,1.615170538425445557e-01
2.186900000000000000e+07,1.710393279790878296e-01,1.683520823717117310e-01,1.650306880474090576e-01,1.625358015298843384e-01,1.620339155197143555e-01,1.599609255790710449e-01
2.187100000000000000e+07,1.706345826387405396e-01,1.678554564714431763e-01,1.642406731843948364e-01,1.613630652427673340e-01,1.606761664152145386e-01,1.585852652788162231e-01
2.187300000000000000e+07,1.702390313148498535e-01,1.674095839262008667e-01,1.635715216398239136e-01,1.604136228561401367e-01,1.596520990133285522e-01,1.576458662748336792e-01
2.187500000000000000e+07,1.699214130640029907e-01,1.670558303594589233e-01,1.630183309316635132e-01,1.596239358186721802e-01,1.588449627161026001e-01,1.569825857877731323e-01
2.187700000000000000e+07,1.696566492319107056e-01,1.667756289243698120e-01,1.625661551952362061e-01,1.589602082967758179e-01,1.581968665122985840e-01,1.565208435058593750e-01
2.187900000000000000e+07,1.693613678216934204e-01,1.664997637271881104e-01,1.621673405170440674e-01,1.583886593580245972e-01,1.576467305421829224e-01,1.561621427536010742e-01
2.188100000000000000e+07,1.690628230571746826e-01,1.662533730268478394e-01,1.618505567312240601e-01,1.579470336437225342e-01,1.572246551513671875e-01,1.559173315763473511e-01
2.188300000000000000e+07,1.687162965536117554e-01,1.659783273935317993e-01,1.615466922521591187e-01,1.575594991445541382e-01,1.568493843078613281e-01,1.556923538446426392e-01
2.188500000000000000e+07,1.683220267295837402e-01,1.656777709722518921e-01,1.612611711025238037e-01,1.572480499744415283e-01,1.565737873315811157e-01,1.555578261613845825e-01
2.188700000000000000e+07,1.679702252149581909e-01,1.654336899518966675e-01,1.610640287399291992e-01,1.570715010166168213e-01,1.564517170190811157e-01,1.555680334568023682e-01
2.188900000000000000e+07,1.676306575536727905e-01,1.652035415172576904e-01,1.608886271715164185e-01,1.569242626428604126e-01,1.563532650470733643e-01,1.556063294410705566e-01
2.189100000000000000e+07,1.673150807619094849e-01,1.650025993585586548e-01,1.607587635517120361e-01,1.568319499492645264e-01,1.562890261411666870e-01,1.556510925292968750e-01
2.189300000000000000e+07,1.670660227537155151e-01,1.648717820644378662e-01,1.607120782136917114e-01,1.568177640438079834e-01,1.562461107969284058e-01,1.556649357080459595e-01
2.189500000000000000e+07,1.668594479560852051e-01,1.647697389125823975e-01,1.606902927160263062e-01,1.568100899457931519e-01,1.561515480279922485e-01,1.555872112512588501e-01
2.189700000000000000e+07,1.665784269571304321e-01,1.646003574132919312e-01,1.606207638978958130e-01,1.567722707986831665e-01,1.560157686471939087e-01,1.554632186889648438e-01
2.189900000000000000e+07,1.664918214082717896e-01,1.646806299686431885e-01,1.608802378177642822e-01,1.571587771177291870e-01,1.563717126846313477e-01,1.558656692504882812e-01
2.190100000000000000e+07,1.669867038726806641e-01,1.654043942689895630e-01,1.618604212999343872e-01,1.583800315856933594e-01,1.576927453279495239e-01,1.573274880647659302e-01
2.190300000000000000e+07,1.674809902906417847e-01,1.661387830972671509e-01,1.628607213497161865e-01,1.596140861511230469e-01,1.590161472558975220e-01,1.587775200605392456e-01
2.190500000000000000e+07,1.677218675613403320e-01,1.665834188461303711e-01,1.635136753320693970e-01,1.604271233081817627e-01,1.598554402589797974e-01,1.596930772066116333e-01
2.190700000000000000e+07,1.678084284067153931e-01,1.668315976858139038e-01,1.639203280210494995e-01,1.609403640031814575e-01,1.603663563728332520e-01,1.602873206138610840e-01
2.190900000000000000e+07,1.678294688463211060e-01,1.669980585575103760e-01,1.642232686281204224e-01,1.613211929798126221e-01,1.607318073511123657e-01,1.607504934072494507e-01
2.191100000000000000e+07,1.679303050041198730e-01,1.672550290822982788e-01,1.646412760019302368e-01,1.618509441614151001e-01,1.612684279680252075e-01,1.613612920045852661e-01
2.191300000000000000e+07,1.680590212345123291e-01,1.675335317850112915e-01,1.650801599025726318e-01,1.623914986848831177e-01,1.617910861968994141e-01,1.619482338428497314e-01
2.191500000000000000e+07,1.680191457271575928e-01,1.676371991634368896e-01,1.653305888175964355e-01,1.626882851123809814e-01,1.619741469621658325e-01,1.621490269899368286e-01
2.191700000000000000e+07,1.678574234247207642e-01,1.675971597433090210e-01,1.654199510812759399e-01,1.627943515777587891e-01,1.619198322296142578e-01,1.620630770921707153e-01
2.191900000000000000e+07,1.676733791828155518e-01,1.675267368555068970e-01,1.654789298772811890e-01,1.628679484128952026e-01,1.618208587169647217e-01,1.618829071521759033e-01
2.192100000000000000e+07,1.674624383449554443e-01,1.674288958311080933e-01,1.655208915472030640e-01,1.629424840211868286e-01,1.617410182952880859e-01,1.617131829261779785e-01
2.192300000000000000e+07,1.671996861696243286e-01,1.672911942005157471e-01,1.655435264110565186e-01,1.630399376153945923e-01,1.617457717657089233e-01,1.616603285074234009e-01
2.192500000000000000e+07,1.668688058853149414e-01,1.670975387096405029e-01,1.655372828245162964e-01,1.631668210029602051e-01,1.618664860725402832e-01,1.617966443300247192e-01
2.192700000000000000e+07,1.665070056915283203e-01,1.668761521577835083e-01,1.655148416757583618e-01,1.633097678422927856e-01,1.620692312717437744e-01,1.620555371046066284e-01
2.192900000000000000e+07,1.660703420639038086e-01,1.665802150964736938e-01,1.654277592897415161e-01,1.634064316749572754e-01,1.622534245252609253e-01,1.623062342405319214e-01
2.193100000000000000e+07,1.655369699001312256e-01,1.661683917045593262e-01,1.652136147022247314e-01,1.633532345294952393e-01,1.622484624385833740e-01,1.623347401618957520e-01
2.193300000000000000e+07,1.647626459598541260e-01,1.655019372701644897e-01,1.647061705589294434e-01,1.629189699888229370e-01,1.617533415555953979e-01,1.618450731039047241e-01
2.193500000000000000e+07,1.636281758546829224e-01,1.644717454910278320e-01,1.637875437736511230e-01,1.619742214679718018e-01,1.606598943471908569e-01,1.607659012079238892e-01
2.193700000000000000e+07,1.622679233551025391e-01,1.631977707147598267e-01,1.626062095165252686e-01,1.607563048601150513e-01,1.592866927385330200e-01,1.593962013721466064e-01
2.193900000000000000e+07,1.610575318336486816e-01,1.620562225580215454e-01,1.615796089172363281e-01,1.597580909729003906e-01,1.581820398569107056e-01,1.582808643579483032e-01
2.194100000000000000e+07,1.603186875581741333e-01,1.613926738500595093e-01,1.610757708549499512e-01,1.593627780675888062e-01,1.577890962362289429e-01,1.579426527023315430e-01
2.194300000000000000e+07,1.597665697336196899e-01,1.608429551124572754e-01,1.606374233961105347e-01,1.590238511562347412e-01,1.575036346912384033e-01,1.577177345752716064e-01
2.194500000000000000e+07,1.593682765960693359e-01,1.603214293718338013e-01,1.601240932941436768e-01,1.585558950901031494e-01,1.571019291877746582e-01,1.573836058378219604e-01
2.194700000000000000e+07,1.594785898923873901e-01,1.602743864059448242e-01,1.600756198167800903e-01,1.585861146450042725e-01,1.572452336549758911e-01,1.576071977615356445e-01
2.194900000000000000e+07,1.599365472793579102e-01,1.606071889400482178e-01,1.604450494050979614e-01,1.590854078531265259e-01,1.578953117132186890e-01,1.583262234926223755e-01
2.195100000000000000e+07,1.603753417730331421e-01,1.609078198671340942e-01,1.607671082019805908e-01,1.595299243927001953e-01,1.584759801626205444e-01,1.589370220899581909e-01
2.195300000000000000e+07,1.605154871940612793e-01,1.608938574790954590e-01,1.607461869716644287e-01,1.596096456050872803e-01,1.586713939905166626e-01,1.591398566961288452e-01
2.195500000000000000e+07,1.604760438203811646e-01,1.607034653425216675e-01,1.605412662029266357e-01,1.594826281070709229e-01,1.586384475231170654e-01,1.590964794158935547e-01
2.195700000000000000e+07,1.603167653083801270e-01,1.604000926017761230e-01,1.602165699005126953e-01,1.592035740613937378e-01,1.584010124206542969e-01,1.587957441806793213e-01
2.195900000000000000e+07,1.599858552217483521e-01,1.599076092243194580e-01,1.596655547618865967e-01,1.586464792490005493e-01,1.578469574451446533e-01,1.581514626741409302e-01
2.196100000000000000e+07,1.595068275928497314e-01,1.592344343662261963e-01,1.588746309280395508e-01,1.577724069356918335e-01,1.569036990404129028e-01,1.570719480514526367e-01
2.196300000000000000e+07,1.588631123304367065e-01,1.583598405122756958e-01,1.578107476234436035e-01,1.565314680337905884e-01,1.555072516202926636e-01,1.554880738258361816e-01
2.196500000000000000e+07,1.580047458410263062e-01,1.572299152612686157e-01,1.564340889453887939e-01,1.549186706542968750e-01,1.536960154771804810e-01,1.534659713506698608e-01
2.196700000000000000e+07,1.571960151195526123e-01,1.561487168073654175e-01,1.551107466220855713e-01,1.533924043178558350e-01,1.520363390445709229e-01,1.516473144292831421e-01
2.196900000000000000e+07,1.569567173719406128e-01,1.556756943464279175e-01,1.544508934020996094e-01,1.526176184415817261e-01,1.512413471937179565e-01,1.507975608110427856e-01
2.197100000000000000e+07,1.570368260145187378e-01,1.555559188127517700e-01,1.541891694068908691e-01,1.522957831621170044e-01,1.509419232606887817e-01,1.504779458045959473e-01
2.197300000000000000e+07,1.569498032331466675e-01,1.552871465682983398e-01,1.538067311048507690e-01,1.518788188695907593e-01,1.505373865365982056e-01,1.500305235385894775e-01
2.197500000000000000e+07,1.567258089780807495e-01,1.548857986927032471e-01,1.533060371875762939e-01,1.513602435588836670e-01,1.500244140625000000e-01,1.494708806276321411e-01
2.197700000000000000e+07,1.565131992101669312e-01,1.545068174600601196e-01,1.528292298316955566e-01,1.508449316024780273e-01,1.494764536619186401e-01,1.488666832447052002e-01
2.197900000000000000e+07,1.563088595867156982e-01,1.541508287191390991e-01,1.523825079202651978e-01,1.503554582595825195e-01,1.489442437887191772e-01,1.482935249805450439e-01
2.198100000000000000e+07,1.562046855688095093e-01,1.539195775985717773e-01,1.520925015211105347e-01,1.500737071037292480e-01,1.486929804086685181e-01,1.480804681777954102e-01
2.198300000000000000e+07,1.562975049018859863e-01,1.539261788129806519e-01,1.520977169275283813e-01,1.501794755458831787e-01,1.489199399948120117e-01,1.483833789825439453e-01
2.198500000000000000e+07,1.563892662525177002e-01,1.539421081542968750e-01,1.521210372447967529e-01,1.503311395645141602e-01,1.492296755313873291e-01,1.487910896539688110e-01
2.198700000000000000e+07,1.564312726259231567e-01,1.539022922515869141e-01,1.520721614360809326e-01,1.503974497318267822e-01,1.494539678096771240e-01,1.491359472274780273e-01
2.198900000000000000e+07,1.564199626445770264e-01,1.538120955228805542e-01,1.519656777381896973e-01,1.503888964653015137e-01,1.495813131332397461e-01,1.493857502937316895e-01
2.199100000000000000e+07,1.563966721296310425e-01,1.537107676267623901e-01,1.518336236476898193e-01,1.503271609544754028e-01,1.496290117502212524e-01,1.495536416769027710e-01
2.199300000000000000e+07,1.563101559877395630e-01,1.535552442073822021e-01,1.516451239585876465e-01,1.501965969800949097e-01,1.495988368988037109e-01,1.496369689702987671e-01
2.199500000000000000e+07,1.562687009572982788e-01,1.534556746482849121e-01,1.515109837055206299e-01,1.501049250364303589e-01,1.495728939771652222e-01,1.496752947568893433e-01
2.199700000000000000e+07,1.561457812786102295e-01,1.532928049564361572e-01,1.513113528490066528e-01,1.499133557081222534e-01,1.493909657001495361e-01,1.495090723037719727e-01
2.199900000000000000e+07,1.557825505733489990e-01,1.529043316841125488e-01,1.508832275867462158e-01,1.494651138782501221e-01,1.489183008670806885e-01,1.490345448255538940e-01
2.200100000000000000e+07,1.555403769016265869e-01,1.526779085397720337e-01,1.506641358137130737e-01,1.492918729782104492e-01,1.488116979598999023e-01,1.489890515804290771e-01
2.200300000000000000e+07,1.559021621942520142e-01,1.531194597482681274e-01,1.512160301208496094e-01,1.500592082738876343e-01,1.498571783304214478e-01,1.502406448125839233e-01
2.200500000000000000e+07,1.564018428325653076e-01,1.537273526191711426e-01,1.519833654165267944e-01,1.511199474334716797e-01,1.512884944677352905e-01,1.519397497177124023e-01
2.200700000000000000e+07,1.566749513149261475e-01,1.541267633438110352e-01,1.525531411170959473e-01,1.519532650709152222e-01,1.524166762828826904e-01,1.532653570175170898e-01
2.200900000000000000e+07,1.567954719066619873e-01,1.543874144554138184e-01,1.529965996742248535e-01,1.526416540145874023e-01,1.533286720514297485e-01,1.542880088090896606e-01
2.201100000000000000e+07,1.567992866039276123e-01,1.545367687940597534e-01,1.533351391553878784e-01,1.532071381807327271e-01,1.540506333112716675e-01,1.550368368625640869e-01
2.201300000000000000e+07,1.566888839006423950e-01,1.545872837305068970e-01,1.535807549953460693e-01,1.536524891853332520e-01,1.545813679695129395e-01,1.555186808109283447e-01
2.201500000000000000e+07,1.565047949552536011e-01,1.545707136392593384e-01,1.537531912326812744e-01,1.539878547191619873e-01,1.549322456121444702e-01,1.557492762804031372e-01
2.201700000000000000e+07,1.562725007534027100e-01,1.545009315013885498e-01,1.538620591163635254e-01,1.542352735996246338e-01,1.551465392112731934e-01,1.557837426662445068e-01
2.201900000000000000e+07,1.560583859682083130e-01,1.544555425643920898e-01,1.540011912584304810e-01,1.545081287622451782e-01,1.553536057472229004e-01,1.557634472846984863e-01
2.202100000000000000e+07,1.558558344841003418e-01,1.544214338064193726e-01,1.541466712951660156e-01,1.547665596008300781e-01,1.554984599351882935e-01,1.556329876184463501e-01
2.202300000000000000e+07,1.555724442005157471e-01,1.542970389127731323e-01,1.541870832443237305e-01,1.548938900232315063e-01,1.554833203554153442e-01,1.553386151790618896e-01
2.202500000000000000e+07,1.552608311176300049e-01,1.541582345962524414e-01,1.542335152626037598e-01,1.550592035055160522e-01,1.555182635784149170e-01,1.550743132829666138e-01
2.202700000000000000e+07,1.552168428897857666e-01,1.542998403310775757e-01,1.545940637588500977e-01,1.556231230497360229e-01,1.560368090867996216e-01,1.553040742874145508e-01
2.202900000000000000e+07,1.553240418434143066e-01,1.545665711164474487e-01,1.550418734550476074e-01,1.562426239252090454e-01,1.566211134195327759e-01,1.556552648544311523e-01
2.203100000000000000e+07,1.551326215267181396e-01,1.544658541679382324e-01,1.549925506114959717e-01,1.561707407236099243e-01,1.564141362905502319e-01,1.552917957305908203e-01
2.203300000000000000e+07,1.545564830303192139e-01,1.539542376995086670e-01,1.544700264930725098e-01,1.555076092481613159e-01,1.555240452289581299e-01,1.542470455169677734e-01
2.203500000000000000e+07,1.538973301649093628e-01,1.533739715814590454e-01,1.539092659950256348e-01,1.548635363578796387e-01,1.546939015388488770e-01,1.532275974750518799e-01
2.203700000000000000e+07,1.532139927148818970e-01,1.527910977602005005e-01,1.533836573362350464e-01,1.543209850788116455e-01,1.540143191814422607e-01,1.523395925760269165e-01
2.203900000000000000e+07,1.524680852890014648e-01,1.521628797054290771e-01,1.528309285640716553e-01,1.537780761718750000e-01,1.533537954092025757e-01,1.514730900526046753e-01
2.204100000000000000e+07,1.516473889350891113e-01,1.514606624841690063e-01,1.521948277950286865e-01,1.531455963850021362e-01,1.526136994361877441e-01,1.505594104528427124e-01
2.204300000000000000e+07,1.508434265851974487e-01,1.507647037506103516e-01,1.515421569347381592e-01,1.524707823991775513e-01,1.518368124961853027e-01,1.496494263410568237e-01
2.204500000000000000e+07,1.500410586595535278e-01,1.500462591648101807e-01,1.508307009935379028e-01,1.516922563314437866e-01,1.509546190500259399e-01,1.486809402704238892e-01
2.204700000000000000e+07,1.493118703365325928e-01,1.493852585554122925e-01,1.501438766717910767e-01,1.508854180574417114e-01,1.500294506549835205e-01,1.476995795965194702e-01
2.204900000000000000e+07,1.486105024814605713e-01,1.487334072589874268e-01,1.494428366422653198e-01,1.500295549631118774e-01,1.490494459867477417e-01,1.466896086931228638e-01
2.205100000000000000e+07,1.478963345289230347e-01,1.480467319488525391e-01,1.486950516700744629e-01,1.491270661354064941e-01,1.480488777160644531e-01,1.456916183233261108e-01
2.205300000000000000e+07,1.471643447875976562e-01,1.473215222358703613e-01,1.478954851627349854e-01,1.481712758541107178e-01,1.470123082399368286e-01,1.446878165006637573e-01
2.205500000000000000e+07,1.464634537696838379e-01,1.466085314750671387e-01,1.470893025398254395e-01,1.472004950046539307e-01,1.459640711545944214e-01,1.436876207590103149e-01
2.205700000000000000e+07,1.457789689302444458e-01,1.458955109119415283e-01,1.462656706571578979e-01,1.462063789367675781e-01,1.449054479598999023e-01,1.427055150270462036e-01
2.205900000000000000e+07,1.450368911027908325e-01,1.451078802347183228e-01,1.453378945589065552e-01,1.450796723365783691e-01,1.437244415283203125e-01,1.416175663471221924e-01
2.206100000000000000e+07,1.442344933748245239e-01,1.442531794309616089e-01,1.443252265453338623e-01,1.438386291265487671e-01,1.424169093370437622e-01,1.404057592153549194e-01
2.206300000000000000e+07,1.433803588151931763e-01,1.433294415473937988e-01,1.432090550661087036e-01,1.424496024847030640e-01,1.409341692924499512e-01,1.390190869569778442e-01
2.206500000000000000e+07,1.423964798450469971e-01,1.422695517539978027e-01,1.419408321380615234e-01,1.408862024545669556e-01,1.392661482095718384e-01,1.374554932117462158e-01
2.206700000000000000e+07,1.412811130285263062e-01,1.410674452781677246e-01,1.405164152383804321e-01,1.391558349132537842e-01,1.374169290065765381e-01,1.356974542140960693e-01
2.206900000000000000e+07,1.400740593671798706e-01,1.397687941789627075e-01,1.389980018138885498e-01,1.373389363288879395e-01,1.354635506868362427e-01,1.338008046150207520e-01
2.207100000000000000e+07,1.387618780136108398e-01,1.383561491966247559e-01,1.373601704835891724e-01,1.353966444730758667e-01,1.333567202091217041e-01,1.317186206579208374e-01
2.207300000000000000e+07,1.373261958360671997e-01,1.368194967508316040e-01,1.355985105037689209e-01,1.333345025777816772e-01,1.311206221580505371e-01,1.294784098863601685e-01
2.207500000000000000e+07,1.357486248016357422e-01,1.351365447044372559e-01,1.336888372898101807e-01,1.311291158199310303e-01,1.287277489900588989e-01,1.270370483398437500e-01
2.207700000000000000e+07,1.340015530586242676e-01,1.332786232233047485e-01,1.316067278385162354e-01,1.287549138069152832e-01,1.261334121227264404e-01,1.243351921439170837e-01
2.207900000000000000e+07,1.320147514343261719e-01,1.311668455600738525e-01,1.292543411254882812e-01,1.260864287614822388e-01,1.231940835714340210e-01,1.212253049015998840e-01
2.208100000000000000e+07,1.297677159309387207e-01,1.287799626588821411e-01,1.266056150197982788e-01,1.230828016996383667e-01,1.198516860604286194e-01,1.176524236798286438e-01
2.208300000000000000e+07,1.277040988206863403e-01,1.265989989042282104e-01,1.242207884788513184e-01,1.204353719949722290e-01,1.169515401124954224e-01,1.145802959799766541e-01
2.208500000000000000e+07,1.265092492103576660e-01,1.253287941217422485e-01,1.228508576750755310e-01,1.189990714192390442e-01,1.155214011669158936e-01,1.132004261016845703e-01
2.208700000000000000e+07,1.257138401269912720e-01,1.244744509458541870e-01,1.219410821795463562e-01,1.181061267852783203e-01,1.147425994277000427e-01,1.125599145889282227e-01
2.208900000000000000e+07,1.249336600303649902e-01,1.236412227153778076e-01,1.210630089044570923e-01,1.172574833035469055e-01,1.140164658427238464e-01,1.119823381304740906e-01
2.209100000000000000e+07,1.240055412054061890e-01,1.226607039570808411e-01,1.200360655784606934e-01,1.162362396717071533e-01,1.130593493580818176e-01,1.111166179180145264e-01
2.209300000000000000e+07,1.229600533843040466e-01,1.215587630867958069e-01,1.188710033893585205e-01,1.150165051221847534e-01,1.118012592196464539e-01,1.098649725317955017e-01
2.209500000000000000e+07,1.219747066497802734e-01,1.205180734395980835e-01,1.177683472633361816e-01,1.138449907302856445e-01,1.105541661381721497e-01,1.085818409919738770e-01
2.209700000000000000e+07,1.212839856743812561e-01,1.197851002216339111e-01,1.170025318861007690e-01,1.130567267537117004e-01,1.097273007035255432e-01,1.077229082584381104e-01
2.209900000000000000e+07,1.207262575626373291e-01,1.191823184490203857e-01,1.163671687245368958e-01,1.124027147889137268e-01,1.090250909328460693e-01,1.069725528359413147e-01
2.210100000000000000e+07,1.200967952609062195e-01,1.185121461749076843e-01,1.156639233231544495e-01,1.116559579968452454e-01,1.081681177020072937e-01,1.060019135475158691e-01
2.210300000000000000e+07,1.197672486305236816e-01,1.181724071502685547e-01,1.153319552540779114e-01,1.113352924585342407e-01,1.077952235937118530e-01,1.055487170815467834e-01
2.210500000000000000e+07,1.202498823404312134e-01,1.186857521533966064e-01,1.159313097596168518e-01,1.120874509215354919e-01,1.086906939744949341e-01,1.065403148531913757e-01
2.210700000000000000e+07,1.211182996630668640e-01,1.196012794971466064e-01,1.169604286551475525e-01,1.133128777146339417e-01,1.101202145218849182e-01,1.081459000706672668e-01
2.210900000000000000e+07,1.220262274146080017e-01,1.205777898430824280e-01,1.180721446871757507e-01,1.146335005760192871e-01,1.116434037685394287e-01,1.098440364003181458e-01
2.211100000000000000e+07,1.235324367880821228e-01,1.221922561526298523e-01,1.198906674981117249e-01,1.167730614542961121e-01,1.141266971826553345e-01,1.126094907522201538e-01
2.211300000000000000e+07,1.259722262620925903e-01,1.247708424925804138e-01,1.227402165532112122e-01,1.200769022107124329e-01,1.179685294628143311e-01,1.168909743428230286e-01
2.211500000000000000e+07,1.284516453742980957e-01,1.274097412824630737e-01,1.256775707006454468e-01,1.234879270195960999e-01,1.219033077359199524e-01,1.212272346019744873e-01
2.211700000000000000e+07,1.306886672973632812e-01,1.298260688781738281e-01,1.284020543098449707e-01,1.266575157642364502e-01,1.255008429288864136e-01,1.251059770584106445e-01
2.211900000000000000e+07,1.329312771558761597e-01,1.322515308856964111e-01,1.311274766921997070e-01,1.297930926084518433e-01,1.289869695901870728e-01,1.287828981876373291e-01
2.212100000000000000e+07,1.350231021642684937e-01,1.345089673995971680e-01,1.336542814970016479e-01,1.326749920845031738e-01,1.321370750665664673e-01,1.320463269948959351e-01
2.212300000000000000e+07,1.369371414184570312e-01,1.365828663110733032e-01,1.359785497188568115e-01,1.353084594011306763e-01,1.349648237228393555e-01,1.349073350429534912e-01
2.212500000000000000e+07,1.388164758682250977e-01,1.386101692914962769e-01,1.382348388433456421e-01,1.378442198038101196e-01,1.376633197069168091e-01,1.376030892133712769e-01
2.212700000000000000e+07,1.405899673700332642e-01,1.405080705881118774e-01,1.403312385082244873e-01,1.401842534542083740e-01,1.401465833187103271e-01,1.400902271270751953e-01
2.212900000000000000e+07,1.422602087259292603e-01,1.422819048166275024e-01,1.422723233699798584e-01,1.423288583755493164e-01,1.424150317907333374e-01,1.423760056495666504e-01
2.213100000000000000e+07,1.438486278057098389e-01,1.439566910266876221e-01,1.440845131874084473e-01,1.443002671003341675e-01,1.444748044013977051e-01,1.444435268640518188e-01
2.213300000000000000e+07,1.453437805175781250e-01,1.455317288637161255e-01,1.457841694355010986e-01,1.461430937051773071e-01,1.464022845029830933e-01,1.463856548070907593e-01
2.213500000000000000e+07,1.467787176370620728e-01,1.470523178577423096e-01,1.474363952875137329e-01,1.479456573724746704e-01,1.483045071363449097e-01,1.483265757560729980e-01
2.213700000000000000e+07,1.482457518577575684e-01,1.486041694879531860e-01,1.491175889968872070e-01,1.497739255428314209e-01,1.502365171909332275e-01,1.503205001354217529e-01
2.213900000000000000e+07,1.497325450181961060e-01,1.501737684011459351e-01,1.508070230484008789e-01,1.515914052724838257e-01,1.521480232477188110e-01,1.523060351610183716e-01
2.214100000000000000e+07,1.511429697275161743e-01,1.516569405794143677e-01,1.523931622505187988e-01,1.532847136259078979e-01,1.539358645677566528e-01,1.541948616504669189e-01
2.214300000000000000e+07,1.525125503540039062e-01,1.530868262052536011e-01,1.539141088724136353e-01,1.549092382192611694e-01,1.556719094514846802e-01,1.560611873865127563e-01
2.214500000000000000e+07,1.538774073123931885e-01,1.545012146234512329e-01,1.554095894098281860e-01,1.565018147230148315e-01,1.573693156242370605e-01,1.578855514526367188e-01
2.214700000000000000e+07,1.552048921585083008e-01,1.558743119239807129e-01,1.568621248006820679e-01,1.580577492713928223e-01,1.590389162302017212e-01,1.596856117248535156e-01
2.214900000000000000e+07,1.566513478755950928e-01,1.573859155178070068e-01,1.584769189357757568e-01,1.598013192415237427e-01,1.609107553958892822e-01,1.616880297660827637e-01
2.215100000000000000e+07,1.581341773271560669e-01,1.589374840259552002e-01,1.601341217756271362e-01,1.615860760211944580e-01,1.628139913082122803e-01,1.637108922004699707e-01
2.215300000000000000e+07,1.595845818519592285e-01,1.604517400264739990e-01,1.617473214864730835e-01,1.633177995681762695e-01,1.646530032157897949e-01,1.656622141599655151e-01
2.215500000000000000e+07,1.611151993274688721e-01,1.620307564735412598e-01,1.634065806865692139e-01,1.650808900594711304e-01,1.665178537368774414e-01,1.676385998725891113e-01
2.215700000000000000e+07,1.626530885696411133e-01,1.636031121015548706e-01,1.650407314300537109e-01,1.667990237474441528e-01,1.683294773101806641e-01,1.695736348628997803e-01
2.215900000000000000e+07,1.640640348196029663e-01,1.650538891553878784e-01,1.665498763322830200e-01,1.683726012706756592e-01,1.699755340814590454e-01,1.713476926088333130e-01
2.216100000000000000e+07,1.653018444776535034e-01,1.663304716348648071e-01,1.678737699985504150e-01,1.697342097759246826e-01,1.713774353265762329e-01,1.728723347187042236e-01
2.216300000000000000e+07,1.664250195026397705e-01,1.674901098012924194e-01,1.690683960914611816e-01,1.709358394145965576e-01,1.725856661796569824e-01,1.741983294486999512e-01
2.216500000000000000e+07,1.675322949886322021e-01,1.686277985572814941e-01,1.702301651239395142e-01,1.720860898494720459e-01,1.737214475870132446e-01,1.754329949617385864e-01
2.216700000000000000e+07,1.686411947011947632e-01,1.697582900524139404e-01,1.713762879371643066e-01,1.732192933559417725e-01,1.748490482568740845e-01,1.766488105058670044e-01
2.216900000000000000e+07,1.696494221687316895e-01,1.707774996757507324e-01,1.723968535661697388e-01,1.742112934589385986e-01,1.758217811584472656e-01,1.776946187019348145e-01
2.217100000000000000e+07,1.704470813274383545e-01,1.715721637010574341e-01,1.731692850589752197e-01,1.749195754528045654e-01,1.764744371175765991e-01,1.783937662839889526e-01
2.217300000000000000e+07,1.711865514516830444e-01,1.722920387983322144e-01,1.738427877426147461e-01,1.754897981882095337e-01,1.769312471151351929e-01,1.787975877523422241e-01
2.217500000000000000e+07,1.719674617052078247e-01,1.730574071407318115e-01,1.745702922344207764e-01,1.761425286531448364e-01,1.775154024362564087e-01,1.793482154607772827e-01
2.217700000000000000e+07,1.729738712310791016e-01,1.740639656782150269e-01,1.755678802728652954e-01,1.771238446235656738e-01,1.785063743591308594e-01,1.803581118583679199e-01
2.217900000000000000e+07,1.739034056663513184e-01,1.749994307756423950e-01,1.765027642250061035e-01,1.780560612678527832e-01,1.794602274894714355e-01,1.813356429338455200e-01
2.218100000000000000e+07,1.745472401380538940e-01,1.756410300731658936e-01,1.771264374256134033e-01,1.786399632692337036e-01,1.800067275762557983e-01,1.818494945764541626e-01
2.218300000000000000e+07,1.749428510665893555e-01,1.760210990905761719e-01,1.774700582027435303e-01,1.789206117391586304e-01,1.802206039428710938e-01,1.819972097873687744e-01
2.218500000000000000e+07,1.753438115119934082e-01,1.764074414968490601e-01,1.778262555599212646e-01,1.792343556880950928e-01,1.804926991462707520e-01,1.822072565555572510e-01
2.218700000000000000e+07,1.758475750684738159e-01,1.769013106822967529e-01,1.783051639795303345e-01,1.797063797712326050e-01,1.809686869382858276e-01,1.826596558094024658e-01
2.218900000000000000e+07,1.762266457080841064e-01,1.772729903459548950e-01,1.786674410104751587e-01,1.800717115402221680e-01,1.813425719738006592e-01,1.830100268125534058e-01
2.219100000000000000e+07,1.763258427381515503e-01,1.773504167795181274e-01,1.787123233079910278e-01,1.800867468118667603e-01,1.813294291496276855e-01,1.829510778188705444e-01
2.219300000000000000e+07,1.761240363121032715e-01,1.771086454391479492e-01,1.784066408872604370e-01,1.796985566616058350e-01,1.808522790670394897e-01,1.823895424604415894e-01
2.219500000000000000e+07,1.757982373237609863e-01,1.767323613166809082e-01,1.779472976922988892e-01,1.791270673274993896e-01,1.801618337631225586e-01,1.815925240516662598e-01
2.219700000000000000e+07,1.754920482635498047e-01,1.763848960399627686e-01,1.775306910276412964e-01,1.786282956600189209e-01,1.795911192893981934e-01,1.809507608413696289e-01
2.219900000000000000e+07,1.750704795122146606e-01,1.759382784366607666e-01,1.770398020744323730e-01,1.780947595834732056e-01,1.790295243263244629e-01,1.803431361913681030e-01
2.220100000000000000e+07,1.744074225425720215e-01,1.752514690160751343e-01,1.763088405132293701e-01,1.773201823234558105e-01,1.782226115465164185e-01,1.794775426387786865e-01
2.220300000000000000e+07,1.735227406024932861e-01,1.743288934230804443e-01,1.753268539905548096e-01,1.762760728597640991e-01,1.771261096000671387e-01,1.783120185136795044e-01
2.220500000000000000e+07,1.724848449230194092e-01,1.732336580753326416e-01,1.741553694009780884e-01,1.750272661447525024e-01,1.758126169443130493e-01,1.769290715456008911e-01
2.220700000000000000e+07,1.713200807571411133e-01,1.719971597194671631e-01,1.728247255086898804e-01,1.735877543687820435e-01,1.742644459009170532e-01,1.752861887216567993e-01
2.220900000000000000e+07,1.698913127183914185e-01,1.704954653978347778e-01,1.712216883897781372e-01,1.718472689390182495e-01,1.723650395870208740e-01,1.732506603002548218e-01
2.221100000000000000e+07,1.683305054903030396e-01,1.688738763332366943e-01,1.695139855146408081e-01,1.700106859207153320e-01,1.703596860170364380e-01,1.710851639509201050e-01
2.221300000000000000e+07,1.668918728828430176e-01,1.673930436372756958e-01,1.679832786321640015e-01,1.684164851903915405e-01,1.686708480119705200e-01,1.692794859409332275e-01
2.221500000000000000e+07,1.655477434396743774e-01,1.660190671682357788e-01,1.665897518396377563e-01,1.670137792825698853e-01,1.672250479459762573e-01,1.677481830120086670e-01
2.221700000000000000e+07,1.640453636646270752e-01,1.644890606403350830e-01,1.650437861680984497e-01,1.654603332281112671e-01,1.656173467636108398e-01,1.660517901182174683e-01
2.221900000000000000e+07,1.622781306505203247e-01,1.626965552568435669e-01,1.632260382175445557e-01,1.636004000902175903e-01,1.636413186788558960e-01,1.639431565999984741e-01
2.222100000000000000e+07,1.604156047105789185e-01,1.608027517795562744e-01,1.612959355115890503e-01,1.616131663322448730e-01,1.615168005228042603e-01,1.616669595241546631e-01
2.222300000000000000e+07,1.585818827152252197e-01,1.589366495609283447e-01,1.594020277261734009e-01,1.596927046775817871e-01,1.594939529895782471e-01,1.595079153776168823e-01
2.222500000000000000e+07,1.566546112298965454e-01,1.569772660732269287e-01,1.574245989322662354e-01,1.577170640230178833e-01,1.574447900056838989e-01,1.573333144187927246e-01
2.222700000000000000e+07,1.545391976833343506e-01,1.548212021589279175e-01,1.552368998527526855e-01,1.555112153291702271e-01,1.551477909088134766e-01,1.548906117677688599e-01
2.222900000000000000e+07,1.521966159343719482e-01,1.524284332990646362e-01,1.527918279170989990e-01,1.530149281024932861e-01,1.525413095951080322e-01,1.521158665418624878e-01
2.223100000000000000e+07,1.495982408523559570e-01,1.497774869203567505e-01,1.500805169343948364e-01,1.502401381731033325e-01,1.496536433696746826e-01,1.490402072668075562e-01
2.223300000000000000e+07,1.467034667730331421e-01,1.468331664800643921e-01,1.470767557621002197e-01,1.471748352050781250e-01,1.464945077896118164e-01,1.457028239965438843e-01
2.223500000000000000e+07,1.434947997331619263e-01,1.435803025960922241e-01,1.437678933143615723e-01,1.438069790601730347e-01,1.430577933788299561e-01,1.421178877353668213e-01
2.223700000000000000e+07,1.399642080068588257e-01,1.400177627801895142e-01,1.401636898517608643e-01,1.401595771312713623e-01,1.393653452396392822e-01,1.382986009120941162e-01
2.223900000000000000e+07,1.362483054399490356e-01,1.362869590520858765e-01,1.364090889692306519e-01,1.363873332738876343e-01,1.355753242969512939e-01,1.343967765569686890e-01
2.224100000000000000e+07,1.323437690734863281e-01,1.323796957731246948e-01,1.325014233589172363e-01,1.325046569108963013e-01,1.317067593336105347e-01,1.304178535938262939e-01
2.224300000000000000e+07,1.281347572803497314e-01,1.281725466251373291e-01,1.283030360937118530e-01,1.283413022756576538e-01,1.275548338890075684e-01,1.261563748121261597e-01
2.224500000000000000e+07,1.233602389693260193e-01,1.233861893415451050e-01,1.234977468848228455e-01,1.235238090157508850e-01,1.227229535579681396e-01,1.212411075830459595e-01
2.224700000000000000e+07,1.179256290197372437e-01,1.179367229342460632e-01,1.180038377642631531e-01,1.179566010832786560e-01,1.171058267354965210e-01,1.155673265457153320e-01
2.224900000000000000e+07,1.119988709688186646e-01,1.119909510016441345e-01,1.120034381747245789e-01,1.118595451116561890e-01,1.109438613057136536e-01,1.093596816062927246e-01
2.225100000000000000e+07,1.057774052023887634e-01,1.057570800185203552e-01,1.057301461696624756e-01,1.055099368095397949e-01,1.045583039522171021e-01,1.029606387019157410e-01
2.225300000000000000e+07,9.906747937202453613e-02,9.903454035520553589e-02,9.897445887327194214e-02,9.869180619716644287e-02,9.773439913988113403e-02,9.615690261125564575e-02
2.225500000000000000e+07,9.166705608367919922e-02,9.161951392889022827e-02,9.152480959892272949e-02,9.118990600109100342e-02,9.025517851114273071e-02,8.872092515230178833e-02
2.225700000000000000e+07,8.353690057992935181e-02,8.348112553358078003e-02,8.336651325225830078e-02,8.301623910665512085e-02,8.213780075311660767e-02,8.065270632505416870e-02
2.225900000000000000e+07,7.484441250562667847e-02,7.479418069124221802e-02,7.468568533658981323e-02,7.437942177057266235e-02,7.360772043466567993e-02,7.218501716852188110e-02
2.226100000000000000e+07,6.538747251033782959e-02,6.534334272146224976e-02,6.525800377130508423e-02,6.503794342279434204e-02,6.439770758152008057e-02,6.304594129323959351e-02
2.226300000000000000e+07,5.500613152980804443e-02,5.496983602643013000e-02,5.490788072347640991e-02,5.478038638830184937e-02,5.427991598844528198e-02,5.300578474998474121e-02
2.226500000000000000e+07,4.336416721343994141e-02,4.335707053542137146e-02,4.333035647869110107e-02,4.327520355582237244e-02,4.288227856159210205e-02,4.172195121645927429e-02
2.226700000000000000e+07,3.044938296079635620e-02,3.046957030892372131e-02,3.047081083059310913e-02,3.045506589114665985e-02,3.019180707633495331e-02,2.933081239461898804e-02
2.226900000000000000e+07,1.613424159586429596e-02,1.616259850561618805e-02,1.617853343486785889e-02,1.616777665913105011e-02,1.600008644163608551e-02,1.551553979516029358e-02
2.227100000000000000e+07,0.000000000000000000e+00,0.000000000000000000e+00,0.000000000000000000e+00,0.000000000000000000e+00,0.000000000000000000e+00,0.000000000000000000e+00
